current_path,board,level,code,code_status,declared_version,declared_exam_years,last_exam_year,flag
Syllabi/Cambridge Curricula/Cambridge AS & A Level/AS & A Computer Pseudocode-Guide-for-teachers.pdf,cambridge,as-a-level,,NEEDS_CODE,1,2026,2026,EXPIRES_AFTER_2026
Syllabi/Cambridge Curricula/Cambridge AS & A Level/AS & A Computer Science (9618).pdf,cambridge,as-a-level,9618,confirmed_code_in_filename,2,2026,2026,EXPIRES_AFTER_2026
Syllabi/Cambridge Curricula/Cambridge AS & A Level/AS & A Law-2026-2028-syllabus.pdf,cambridge,as-a-level,9084,derived_from_repo_evidence_CONFIRM,2,"2026, 2027 and 2028",2028,
Syllabi/Cambridge Curricula/Cambridge AS & A Level/AS & A Level English Syllabus.pdf,cambridge,as-a-level,9093,derived_from_repo_evidence_CONFIRM,2,"2024, 2025 and 2026",2026,EXPIRES_AFTER_2026
Syllabi/Cambridge Curricula/Cambridge AS & A Level/AS & A Level Geography (9696).pdf,cambridge,as-a-level,9696,confirmed_code_in_filename,1,2025 and 2026,2026,EXPIRES_AFTER_2026
Syllabi/Cambridge Curricula/Cambridge AS & A Level/AS & A Level Psychology Syllabus.pdf,cambridge,as-a-level,9990,derived_from_repo_evidence_CONFIRM,1,"2024, 2025 and 2026",2026,EXPIRES_AFTER_2026
Syllabi/Cambridge Curricula/Cambridge AS & A Level/AS Economics-2026-2028-syllabus.pdf,cambridge,as-a-level,9708,derived_from_repo_evidence_CONFIRM,2,"2026, 2027 and 2028",2028,
Syllabi/Cambridge Curricula/Cambridge AS & A Level/AS History (9489).pdf,cambridge,as-a-level,9489,confirmed_code_in_filename,3,2026,2026,EXPIRES_AFTER_2026
Syllabi/Cambridge Curricula/Cambridge AS & A Level/AS& A Afrikaans 2025-2026-syllabus.pdf,cambridge,as-a-level,8679,derived_from_repo_evidence_CONFIRM,1,2025 and 2026,2026,EXPIRES_AFTER_2026
Syllabi/Cambridge Curricula/Cambridge AS & A Level/Accounting-2026-2028-syllabus.pdf,cambridge,as-a-level,9706,derived_from_repo_evidence_CONFIRM,2,"2026, 2027 and 2028",2028,
Syllabi/Cambridge Curricula/Cambridge AS & A Level/Business Studies 2026-2028-syllabus.pdf,cambridge,as-a-level,9609,derived_from_repo_evidence_CONFIRM,2,"2026, 2027 and 2028",2028,
Syllabi/Cambridge Curricula/Cambridge AS & A Level/Cambridge AS & A Level Biology -syllabus.pdf,cambridge,as-a-level,9700,derived_from_repo_evidence_CONFIRM,1,"2025, 2026 and 2027",2027,
Syllabi/Cambridge Curricula/Cambridge AS & A Level/Cambridge AS & A Level Chemistry-syllabus.pdf,cambridge,as-a-level,9701,derived_from_repo_evidence_CONFIRM,1,"2025, 2026 and 2027",2027,
Syllabi/Cambridge Curricula/Cambridge AS & A Level/Cambridge AS & A Level Physics-syllabus.pdf,cambridge,as-a-level,9702,derived_from_repo_evidence_CONFIRM,1,"2025, 2026 and 2027",2027,
Syllabi/Cambridge Curricula/Cambridge AS & A Level/Cambridge AS & A Level Travel & Tourism-syllabus.pdf,cambridge,as-a-level,9395,derived_from_repo_evidence_CONFIRM,1,"2024, 2025 and 2026",2026,EXPIRES_AFTER_2026
Syllabi/Cambridge Curricula/Cambridge AS & A Level/French 2025-2027-syllabus.pdf,cambridge,as-a-level,8028,derived_from_repo_evidence_CONFIRM,1,"2025, 2026 and 2027",2027,
Syllabi/Cambridge Curricula/Cambridge AS & A Level/German Language Syllabus.pdf,cambridge,as-a-level,8027,derived_from_repo_evidence_CONFIRM,1,"2025, 2026 and 2027",2027,
Syllabi/Cambridge Curricula/Cambridge AS & A Level/History-2026-syllabus.pdf,cambridge,as-a-level,9489,derived_from_repo_evidence_CONFIRM,3,2026,2026,EXPIRES_AFTER_2026
Syllabi/Cambridge Curricula/Cambridge AS & A Level/Maths-2026-2027-syllabus.pdf,cambridge,as-a-level,,NEEDS_CODE,4,2026 and 2027,2027,
Syllabi/Cambridge Curricula/Cambridge AS & A Level/Sociology 2024-2026-syllabus.pdf,cambridge,as-a-level,9699,derived_from_repo_evidence_CONFIRM,2,"2024, 2025 and 2026",2026,EXPIRES_AFTER_2026
Syllabi/Cambridge Curricula/Cambridge Lower Secondary (7-9)/0073+Lower+Secondary+Art+and+Design+Curriculum+Framework+2019.pdf,cambridge,lower-secondary,0073,confirmed_code_in_filename,1,,,
Syllabi/Cambridge Curricula/Cambridge Lower Secondary (7-9)/Cambridge-LS-Global-Perspectives-Curriculum-Framework.pdf,cambridge,lower-secondary,,NEEDS_CODE,0,,,
Syllabi/Cambridge Curricula/Cambridge Lower Secondary (7-9)/Curriculum Framework Cambridge Lower Secondary Computing 0860.pdf,cambridge,lower-secondary,0860,confirmed_code_in_filename,2,,,
Syllabi/Cambridge Curricula/Cambridge Lower Secondary (7-9)/Lower-Secondary-English-Curriculum.pdf,cambridge,lower-secondary,,NEEDS_CODE,1,,,
Syllabi/Cambridge Curricula/Cambridge Lower Secondary (7-9)/Science+Curriculum+Framework+0893_tcm143-595685.pdf,cambridge,lower-secondary,0893,confirmed_code_in_filename,1,,,
Syllabi/Cambridge Curricula/Cambridge Lower Secondary (7-9)/pdfcoffee.com_0876-lower-secondary-english-as-a-second-language-curriculum-framework-2020-tcm143-592622-pdf-free.pdf,cambridge,lower-secondary,0876,confirmed_code_in_filename,2,,,
Syllabi/Cambridge Curricula/IGCSE Cambridge /Accountng-2026-syllabus.pdf,cambridge,igcse,,NEEDS_CODE,2,2026,2026,EXPIRES_AFTER_2026
Syllabi/Cambridge Curricula/IGCSE Cambridge /Afrikaans second language-2025-2027-syllabus.pdf,cambridge,igcse,0548,derived_from_repo_evidence_CONFIRM,1,"2025, 2026 and 2027",2027,
Syllabi/Cambridge Curricula/IGCSE Cambridge /Art & Design-2026-syllabus.pdf,cambridge,igcse,,NEEDS_CODE,2,2026,2026,EXPIRES_AFTER_2026
Syllabi/Cambridge Curricula/IGCSE Cambridge /Business Studies-2026-syllabus.pdf,cambridge,igcse,0450,derived_from_repo_evidence_CONFIRM,2,2026,2026,EXPIRES_AFTER_2026
Syllabi/Cambridge Curricula/IGCSE Cambridge /Computer Science-2026-2028-syllabus.pdf,cambridge,igcse,0478,derived_from_repo_evidence_CONFIRM,5,"2026, 2027 and 2028",2028,
Syllabi/Cambridge Curricula/IGCSE Cambridge /Design & Technology-2024-2026-syllabus.pdf,cambridge,igcse,,NEEDS_CODE,2,"2024, 2025 and 2026",2026,EXPIRES_AFTER_2026
Syllabi/Cambridge Curricula/IGCSE Cambridge /Economics-2026-syllabus.pdf,cambridge,igcse,0455,derived_from_repo_evidence_CONFIRM,2,2026,2026,EXPIRES_AFTER_2026
Syllabi/Cambridge Curricula/IGCSE Cambridge /English 2nd-2024-2026-syllabus.pdf,cambridge,igcse,,NEEDS_CODE,3,"2024, 2025 and 2026",2026,EXPIRES_AFTER_2026
Syllabi/Cambridge Curricula/IGCSE Cambridge /Enterprise-2026-syllabus.pdf,cambridge,igcse,,NEEDS_CODE,2,2026,2026,EXPIRES_AFTER_2026
Syllabi/Cambridge Curricula/IGCSE Cambridge /French 1st-2026-syllabus.pdf,cambridge,igcse,0520,derived_from_repo_evidence_CONFIRM,2,2026,2026,EXPIRES_AFTER_2026
Syllabi/Cambridge Curricula/IGCSE Cambridge /German 1st-2026-syllabus.pdf,cambridge,igcse,7159,derived_from_repo_evidence_CONFIRM,2,2026,2026,EXPIRES_AFTER_2026
Syllabi/Cambridge Curricula/IGCSE Cambridge /German 2025-2027-syllabus.pdf,cambridge,igcse,7159,derived_from_repo_evidence_CONFIRM,2,"2025, 2026 and 2027",2027,
Syllabi/Cambridge Curricula/IGCSE Cambridge /History 2024-2026-syllabus.pdf,cambridge,igcse,0470,derived_from_repo_evidence_CONFIRM,1,"2024, 2025 and 2026",2026,EXPIRES_AFTER_2026
Syllabi/Cambridge Curricula/IGCSE Cambridge /IGCSE Biology 0610.pdf,cambridge,igcse,0610,confirmed_code_in_filename,2,"2026, 2027 and 2028",2028,
Syllabi/Cambridge Curricula/IGCSE Cambridge /IGCSE Chemistry 0620.pdf,cambridge,igcse,0620,confirmed_code_in_filename,1,"2026, 2027 and 2028",2028,
Syllabi/Cambridge Curricula/IGCSE Cambridge /IGCSE Design & Technology Syllabus.pdf,cambridge,igcse,,NEEDS_CODE,2,"2024, 2025 and 2026",2026,EXPIRES_AFTER_2026
Syllabi/Cambridge Curricula/IGCSE Cambridge /IGCSE English 1st Syllabus.pdf,cambridge,igcse,,NEEDS_CODE,1,"2024, 2025 and 2026",2026,EXPIRES_AFTER_2026
Syllabi/Cambridge Curricula/IGCSE Cambridge /IGCSE French-syllabus.pdf,cambridge,igcse,0520,derived_from_repo_evidence_CONFIRM,2,"2025, 2026 and 2027",2027,
Syllabi/Cambridge Curricula/IGCSE Cambridge /IGCSE Geography Syllabus.pdf,cambridge,igcse,0460,derived_from_repo_evidence_CONFIRM,2,2025 and 2026,2026,EXPIRES_AFTER_2026
Syllabi/Cambridge Curricula/IGCSE Cambridge /IGCSE History Syllabus.pdf,cambridge,igcse,0470,derived_from_repo_evidence_CONFIRM,1,"2024, 2025 and 2026",2026,EXPIRES_AFTER_2026
Syllabi/Cambridge Curricula/IGCSE Cambridge /IGCSE Math Syllabus.pdf,cambridge,igcse,0580,derived_from_repo_evidence_CONFIRM,3,"2025, 2026 and 2027",2027,
Syllabi/Cambridge Curricula/IGCSE Cambridge /Physics 2026-2028-syllabus.pdf,cambridge,igcse,0625,derived_from_repo_evidence_CONFIRM,2,"2026, 2027 and 2028",2028,
Syllabi/Cambridge Curricula/IGCSE Cambridge /Sociology- 2025-2027-syllabus.pdf,cambridge,igcse,0495,derived_from_repo_evidence_CONFIRM,3,"2025, 2026 and 2027",2027,
Syllabi/Cambridge Curricula/IGCSE Cambridge /Travel & Tourism-2024-2026-syllabus.pdf,cambridge,igcse,0471,derived_from_repo_evidence_CONFIRM,2,"2024, 2025 and 2026",2026,EXPIRES_AFTER_2026
Syllabi/GCSE (UK)/AQA-8464-SP-2016 (1).pdf,gcse-uk,,8464,derived_from_filename,1,2018 onwards,2018,
Syllabi/GCSE (UK)/Edexcel-GCSE-Maths-Spec-1.pdf,gcse-uk,,,NEEDS_CODE,,,,
Syllabi/GCSE (UK)/gcse-9-1-history-specification.pdf,gcse-uk,,,NEEDS_CODE,,,,
Syllabi/Namibian Curricula/JSC (Legacy)/JSC_Syllabuses_Accounting_Mar2016.pdf,namibia,jsc-legacy,,NEEDS_CODE,,,,
Syllabi/Namibian Curricula/JSC (Legacy)/JSC_Syllabuses_Com_Aug2016.pdf,namibia,jsc-legacy,,NEEDS_CODE,,,,
Syllabi/Namibian Curricula/JSC (Legacy)/JSC_Syllabuses_Ent_Oct2016.pdf,namibia,jsc-legacy,,NEEDS_CODE,,,,
Syllabi/Namibian Curricula/JSC (Legacy)/JSC_Syllabuses_FL-EN_Nov2016.pdf,namibia,jsc-legacy,,NEEDS_CODE,,,,
Syllabi/Namibian Curricula/JSC (Legacy)/JSC_Syllabuses_Geo_Nov2016.pdf,namibia,jsc-legacy,,NEEDS_CODE,,,,
Syllabi/Namibian Curricula/JSC (Legacy)/JSC_Syllabuses_His_Nov2016.pdf,namibia,jsc-legacy,,NEEDS_CODE,,,,
Syllabi/Namibian Curricula/JSC (Legacy)/JSC_Syllabuses_Life-sci_Sep2016.pdf,namibia,jsc-legacy,,NEEDS_CODE,,,,
Syllabi/Namibian Curricula/JSC (Legacy)/JSC_Syllabuses_Math_Sep2016.pdf,namibia,jsc-legacy,,NEEDS_CODE,,,,
Syllabi/Namibian Curricula/JSC (Legacy)/JSC_Syllabuses_PS_Apr2016.pdf,namibia,jsc-legacy,,NEEDS_CODE,,,,
Syllabi/Namibian Curricula/JSC (Legacy)/JSC_Syllabuses_SL-EN_Feb2006.pdf,namibia,jsc-legacy,,NEEDS_CODE,,,,
Syllabi/Namibian Curricula/JSC (Legacy)/JS_Syllabuses_FL-AF_Nov2016.pdf,namibia,jsc-legacy,,NEEDS_CODE,,,,
Syllabi/Namibian Curricula/JSC (New)/JSAccountingSyllabusDecembe2025.docx,namibia,jsc,,NEEDS_CODE,,,,
Syllabi/Namibian Curricula/JSC (New)/JSAccountingSyllabusDecembe2025.pdf,namibia,jsc,,NEEDS_CODE,,,,
Syllabi/Namibian Curricula/JSC (New)/JSAfrikaansL2SyllabusDecember2025 (1).pdf,namibia,jsc,,NEEDS_CODE,,,,
Syllabi/Namibian Curricula/JSC (New)/JSAgriculturalScienceSyllabusDecember2025 (1).pdf,namibia,jsc,,NEEDS_CODE,,,,
Syllabi/Namibian Curricula/JSC (New)/JSDesignandTechnologysyllabus2024.pdf,namibia,jsc,,NEEDS_CODE,,,,
Syllabi/Namibian Curricula/JSC (New)/JSFashionandFabricssyllabusDecember2025.pdf,namibia,jsc,,NEEDS_CODE,,,,
Syllabi/Namibian Curricula/JSC (New)/JSGeographySyllabus2024 (1).pdf,namibia,jsc,,NEEDS_CODE,,,,
Syllabi/Namibian Curricula/JSC (New)/JSHistoryFinalSyllabus2024.pdf,namibia,jsc,,NEEDS_CODE,,,,
Syllabi/Namibian Curricula/JSC (New)/JSHospitalSyllabusDecember2025.pdf,namibia,jsc,,NEEDS_CODE,,,,
Syllabi/Namibian Curricula/JSC (New)/JSPhysicalScienceSyllabusDecember2025.pdf,namibia,jsc,,NEEDS_CODE,,,,
Syllabi/Namibian Curricula/JSC (New)/JS_AfrikaansL1SyllabusDecember2025.pdf,namibia,jsc,,NEEDS_CODE,,,,
Syllabi/Namibian Curricula/JSC (New)/JS_Computer_Science_Syllabus.pdf,namibia,jsc,,NEEDS_CODE,,,,
Syllabi/Namibian Curricula/JSC (New)/JS_EnglishL1SyllabusDecember2025.pdf,namibia,jsc,,NEEDS_CODE,,,,
Syllabi/Namibian Curricula/JSC (New)/JS_EnglishL2syllabusDecember2025.pdf,namibia,jsc,,NEEDS_CODE,,,,
Syllabi/Namibian Curricula/JSC (New)/JS_Entrepreneurship_Syllabus.pdf,namibia,jsc,,NEEDS_CODE,,,,
Syllabi/Namibian Curricula/JSC (New)/JS_LifeScience_syllabus2024.pdf,namibia,jsc,,NEEDS_CODE,,,,
Syllabi/Namibian Curricula/JSC (New)/JS_Mathematics_syllabus2024.pdf,namibia,jsc,,NEEDS_CODE,,,,
Syllabi/Namibian Curricula/JSC (New)/JS_Syllabus_HomeEconomics2024.pdf,namibia,jsc,,NEEDS_CODE,,,,
Syllabi/Namibian Curricula/JSC (New)/JS_Technical_Drawing_Syllabus2024.pdf,namibia,jsc,,NEEDS_CODE,,,,
Syllabi/Namibian Curricula/JSC (New)/JS_Technical_Studies_A_syllabus_2024.pdf,namibia,jsc,,NEEDS_CODE,,,,
Syllabi/Namibian Curricula/NSSCAS/8222_NSSCAS_Agricultural_Science_Syllabus_24November2020_final.pdf,namibia,nsscas,8222,confirmed_code_in_filename,,,,
Syllabi/Namibian Curricula/NSSCAS/8227_NSSCAS_Mathematics_final_updated_20_November_2020.pdf,namibia,nsscas,8227,confirmed_code_in_filename,,,,
Syllabi/Namibian Curricula/NSSCAS/8231_NSSCAS_Computer_Science_syllabus.pdf,namibia,nsscas,8231,confirmed_code_in_filename,,,,
Syllabi/Namibian Curricula/NSSCAS/8246_NSSCAS_Economics_syllabus_May_2020_Final.pdf,namibia,nsscas,8246,confirmed_code_in_filename,,,,
Syllabi/Namibian Curricula/NSSCAS/English_First_Language_NSSCAS_Syllabus.pdf,namibia,nsscas,,NEEDS_CODE,,,,
Syllabi/Namibian Curricula/NSSCAS/NSSCAS_8224_Chemistry_approved_syllabus_updated_20_November_2020.pdf,namibia,nsscas,8224,confirmed_code_in_filename,,,,
Syllabi/Namibian Curricula/NSSCAS/NSSCAS_8225_Physics_syllabus_updated_19_November_2020_SIGNED_OFF.pdf,namibia,nsscas,8225,confirmed_code_in_filename,,,,
Syllabi/Namibian Curricula/NSSCAS/NSSCAS_8245_Business_Studies_SyllabusJuly2020Final.pdf,namibia,nsscas,8245,confirmed_code_in_filename,,,,
Syllabi/Namibian Curricula/NSSCAS/NSSCAS_AFRIKAANS_L2_Syllabus.pdf,namibia,nsscas,8201,derived_from_repo_evidence_CONFIRM,,,,
Syllabi/Namibian Curricula/NSSCAS/NSSCAS_Accounting_syllabus_Final_Nov_2020.pdf,namibia,nsscas,8244,derived_from_repo_evidence_CONFIRM,,,,
Syllabi/Namibian Curricula/NSSCAS/NSSCAS_Biology_signed_off_and_approved_syllabus_26_November_2020.pdf,namibia,nsscas,8223,derived_from_repo_evidence_CONFIRM,,,,
Syllabi/Namibian Curricula/NSSCAS/NSSCAS_Design_and_Technology_Syllabus_Oct_2020_Final.pdf,namibia,nsscas,,NEEDS_CODE,,,,
Syllabi/Namibian Curricula/NSSCAS/NSSCAS_English_Second_Language_syllabus_approved_26_October_2020.pdf,namibia,nsscas,,NEEDS_CODE,,,,
Syllabi/Namibian Curricula/NSSCAS/NSSCAS_Entrepreneurship_syllabus_NEACB_Sep_2020.pdf,namibia,nsscas,,NEEDS_CODE,,,,
Syllabi/Namibian Curricula/NSSCAS/NSSCAS_Geography_syllabus_approved_May_2020.pdf,namibia,nsscas,8233,derived_from_repo_evidence_CONFIRM,,,,
Syllabi/Namibian Curricula/NSSCAS/NSSCAS_History_approved_syllabus_2020.pdf,namibia,nsscas,8234,derived_from_repo_evidence_CONFIRM,,,,
Syllabi/Namibian Curricula/NSSCO (New)/6153_NSSCO_Fashion_Fabrics_syllabus_NEACB_March_2020_Final.pdf,namibia,nssco,6153,confirmed_code_in_filename,,,,
Syllabi/Namibian Curricula/NSSCO (New)/JSAgriculturalScienceSyllabusDecember2025.pdf,namibia,nssco,,NEEDS_CODE,,,,
Syllabi/Namibian Curricula/NSSCO (New)/NSSCO_6144_Business_Studies_syllabus_June_2020_final.pdf,namibia,nssco,6144,confirmed_code_in_filename,,,,
Syllabi/Namibian Curricula/NSSCO (New)/NSSCO_Accounting_syllabus.pdf,namibia,nssco,6143,derived_from_repo_evidence_CONFIRM,,,,
Syllabi/Namibian Curricula/NSSCO (New)/NSSCO_Afrikaans_Second_Lanuage.pdf,namibia,nssco,,NEEDS_CODE,,,,
Syllabi/Namibian Curricula/NSSCO (New)/NSSCO_Agricultural_Science_syllabus.pdf,namibia,nssco,,NEEDS_CODE,,,,
Syllabi/Namibian Curricula/NSSCO (New)/NSSCO_BIOLOGY_SYLLABUS.pdf,namibia,nssco,6116,derived_from_repo_evidence_CONFIRM,,,,
Syllabi/Namibian Curricula/NSSCO (New)/NSSCO_Chemistry_syllabus.pdf,namibia,nssco,6117,derived_from_repo_evidence_CONFIRM,,,,
Syllabi/Namibian Curricula/NSSCO (New)/NSSCO_Computer_Studies_syllabus.pdf,namibia,nssco,,NEEDS_CODE,,,,
Syllabi/Namibian Curricula/NSSCO (New)/NSSCO_DevelopmentStudies_Syllabus.pdf,namibia,nssco,,NEEDS_CODE,,,,
Syllabi/Namibian Curricula/NSSCO (New)/NSSCO_ENGLISH_SECOND_LANGUAGE_SYLLABUS.pdf,namibia,nssco,6109,derived_from_repo_evidence_CONFIRM,,,,
Syllabi/Namibian Curricula/NSSCO (New)/NSSCO_Economics_Syllabus.pdf,namibia,nssco,6145,derived_from_repo_evidence_CONFIRM,,,,
Syllabi/Namibian Curricula/NSSCO (New)/NSSCO_Entrepreneurship_Syllabus.pdf,namibia,nssco,,NEEDS_CODE,,,,
Syllabi/Namibian Curricula/NSSCO (New)/NSSCO_Geography_syllabus.pdf,namibia,nssco,6137,derived_from_repo_evidence_CONFIRM,,,,
Syllabi/Namibian Curricula/NSSCO (New)/NSSCO_HEcon_syllabus.pdf,namibia,nssco,,NEEDS_CODE,,,,
Syllabi/Namibian Curricula/NSSCO (New)/NSSCO_History_syllabus.pdf,namibia,nssco,6138,derived_from_repo_evidence_CONFIRM,,,,
Syllabi/Namibian Curricula/NSSCO (New)/NSSCO_Hospitality_syllabus_March_2020_Final.pdf,namibia,nssco,,NEEDS_CODE,,,,
Syllabi/Namibian Curricula/NSSCO (New)/NSSCO_Mathematics_syllabus.pdf,namibia,nssco,6131,derived_from_repo_evidence_CONFIRM,,,,
Syllabi/Namibian Curricula/NSSCO (New)/NSSCO_Metalwork_and_Welding_Syllabus_Oct_2020_ final.pdf,namibia,nssco,,NEEDS_CODE,,,,
Syllabi/Namibian Curricula/NSSCO (New)/NSSCO_Office_Practice_syllabus.pdf,namibia,nssco,,NEEDS_CODE,,,,
Syllabi/Namibian Curricula/NSSCO (New)/NSSCO_Physics_syllabus.pdf,namibia,nssco,6118,derived_from_repo_evidence_CONFIRM,,,,
Syllabi/Namibian Curricula/SP Grade 4-7 Namibia/SPAfrikaansFirstLanguageSyllabus.pdf,namibia,sp,,NEEDS_CODE,,,,
Syllabi/Namibian Curricula/SP Grade 4-7 Namibia/SP_AfrikaansL2syllabusNEACBSeptember2023.pdf,namibia,sp,,NEEDS_CODE,,,,
Syllabi/Namibian Curricula/SP Grade 4-7 Namibia/SP_DesignandTechnologysyllabus2024.pdf,namibia,sp,,NEEDS_CODE,,,,
Syllabi/Namibian Curricula/SP Grade 4-7 Namibia/SP_ElementaryAgricultureSyllabus2024.pdf,namibia,sp,,NEEDS_CODE,,,,
Syllabi/Namibian Curricula/SP Grade 4-7 Namibia/SP_HomeEcologysyllabus2024.pdf,namibia,sp,,NEEDS_CODE,,,,
Syllabi/Namibian Curricula/SP Grade 4-7 Namibia/SP_Mathematicssyllabus2024.pdf,namibia,sp,,NEEDS_CODE,,,,
Syllabi/Namibian Curricula/SP Grade 4-7 Namibia/SP_NSHE_syllabus2024Final.pdf,namibia,sp,,NEEDS_CODE,,,,
Syllabi/Namibian Curricula/SP Grade 4-7 Namibia/SP_SocialStudiessyllabus2024 (1).pdf,namibia,sp,,NEEDS_CODE,,,,
