codepaper,code,paper,level,component,source
9609-1,9609,1,AS Level,Business Concepts 1,syllabus 2026-2028 assessment overview
9609-2,9609,2,AS Level,Business Concepts 2,syllabus 2026-2028 assessment overview
9609-3,9609,3,A Level,Business Decisions,syllabus 2026-2028 assessment overview
9609-4,9609,4,A Level,Business Strategy,syllabus 2026-2028 assessment overview
9093-1,9093,1,AS Level,Reading,syllabus assessment overview: "AS Level content (Paper 1 and Paper 2)"
9093-2,9093,2,AS Level,Writing,syllabus assessment overview
9093-3,9093,3,A Level,Language Analysis,syllabus assessment overview: "A Level content (Paper 3 and Paper 4)"
9093-4,9093,4,A Level,Language Topics,syllabus assessment overview
9618-1,9618,1,AS Level,Theory Fundamentals,"syllabus: ""At AS Level candidates take papers 1 and 2"""
9618-2,9618,2,AS Level,Fundamental Problem-solving and Programming,syllabus assessment overview
9618-3,9618,3,A Level,Advanced Theory,syllabus assessment overview
9618-4,9618,4,A Level,Practical,syllabus assessment overview
9702-1,9702,1,AS Level,Multiple Choice,syllabus route table: AS Level route takes Papers 1 2 and 3
9702-2,9702,2,AS Level,AS Level Structured Questions,syllabus route table
9702-3,9702,3,AS Level,Advanced Practical Skills,"syllabus route table — THIS IS AN AS PAPER despite being paper 3"
9702-4,9702,4,A Level,A Level Structured Questions,syllabus route table
9702-5,9702,5,A Level,Planning Analysis and Evaluation,syllabus route table
9709-1,9709,1,Pure Mathematics 1,Pure Mathematics 1,"9709 papers are OPTION UNITS not levels; P1 is in every AS and A Level route"
9709-2,9709,2,Pure Mathematics 2,Pure Mathematics 2,AS route P1+P2 only; no progression to A Level
9709-3,9709,3,Pure Mathematics 3,Pure Mathematics 3,A Level routes only
9709-4,9709,4,Mechanics,Mechanics,AS route P1+P4 or A Level route P1+3+4+5
9709-5,9709,5,Probability & Statistics 1,Probability & Statistics 1,AS route P1+P5 or A Level routes
9709-6,9709,6,Probability & Statistics 2,Probability & Statistics 2,A Level route P1+3+5+6 only
