code,folder_name,subject
0450,Business Studies (0450),Business Studies
0452,Accounting (0452),Accounting
0455,Economics (0455),Economics
0460,Geography (0460),Geography
0470,History (0470),History
0471,Travel & Tourism (0471),Travel and Tourism
0478,Computer Science (0478),Computer Science
0495,Sociology (0495),Sociology
0500,English 1st (0500),English First Language
0510,English as Second Language (0510),English as a Second Language
0520,IGCSE French (0520),French
0548,Afrikaans (0548),Afrikaans Second Language
0580,Mathematics Core (0580),Mathematics
0610,Biology (0610),Biology
0620,Chemistry (0620),Chemistry
0625,Physics (0625),Physics
7159,German (7159),German
