url,filename,mode,note
https://dynamicpapers.com/wp-content/uploads/2015/09/9709_m22_er.pdf,9709_m22_er.pdf,http,absent from pastpapers.co; subject+series+component checked in text before fetch
https://dynamicpapers.com/wp-content/uploads/2015/09/9709_m22_gt.pdf,9709_m22_gt.pdf,http,absent from pastpapers.co; subject+series+component checked in text before fetch
https://dynamicpapers.com/wp-content/uploads/2015/09/9709_m22_ms_12.pdf,9709_m22_ms_12.pdf,http,absent from pastpapers.co; subject+series+component checked in text before fetch
https://dynamicpapers.com/wp-content/uploads/2015/09/9709_m22_ms_22.pdf,9709_m22_ms_22.pdf,http,absent from pastpapers.co; subject+series+component checked in text before fetch
https://dynamicpapers.com/wp-content/uploads/2015/09/9709_m22_ms_32.pdf,9709_m22_ms_32.pdf,http,absent from pastpapers.co; subject+series+component checked in text before fetch
https://dynamicpapers.com/wp-content/uploads/2015/09/9709_m22_ms_42.pdf,9709_m22_ms_42.pdf,http,absent from pastpapers.co; subject+series+component checked in text before fetch
https://dynamicpapers.com/wp-content/uploads/2015/09/9709_m22_ms_52.pdf,9709_m22_ms_52.pdf,http,absent from pastpapers.co; subject+series+component checked in text before fetch
https://dynamicpapers.com/wp-content/uploads/2015/09/9709_m22_ms_62.pdf,9709_m22_ms_62.pdf,http,absent from pastpapers.co; subject+series+component checked in text before fetch
https://dynamicpapers.com/wp-content/uploads/2015/09/9709_m22_qp_12.pdf,9709_m22_qp_12.pdf,http,absent from pastpapers.co; subject+series+component checked in text before fetch
https://dynamicpapers.com/wp-content/uploads/2015/09/9709_m22_qp_22.pdf,9709_m22_qp_22.pdf,http,absent from pastpapers.co; subject+series+component checked in text before fetch
https://dynamicpapers.com/wp-content/uploads/2015/09/9709_m22_qp_32.pdf,9709_m22_qp_32.pdf,http,absent from pastpapers.co; subject+series+component checked in text before fetch
https://dynamicpapers.com/wp-content/uploads/2015/09/9709_m22_qp_42.pdf,9709_m22_qp_42.pdf,http,absent from pastpapers.co; subject+series+component checked in text before fetch
https://dynamicpapers.com/wp-content/uploads/2015/09/9709_m22_qp_52.pdf,9709_m22_qp_52.pdf,http,absent from pastpapers.co; subject+series+component checked in text before fetch
https://dynamicpapers.com/wp-content/uploads/2015/09/9709_m22_qp_62.pdf,9709_m22_qp_62.pdf,http,absent from pastpapers.co; subject+series+component checked in text before fetch
https://dynamicpapers.com/wp-content/uploads/2015/09/9709_m24_er.pdf,9709_m24_er.pdf,http,absent from pastpapers.co; subject+series+component checked in text before fetch
https://dynamicpapers.com/wp-content/uploads/2015/09/9709_w23_er.pdf,9709_w23_er.pdf,http,absent from pastpapers.co; subject+series+component checked in text before fetch
