url,folder,filename,mode,note,source_page
https://pastpapers.co/caie/a-level/business-9609/2023-may-june/9609_s23_er.pdf,,9609_s23_er.pdf,auto,9609_s23_er.pdf,https://pastpapers.co/cie/?dir=A%20Level/Business-9609/2023-May-June
https://pastpapers.co/api/file/caie/a-level/business-9609/2023-may-june/9609_s23_er.pdf?download=1,,9609_s23_er.pdf,auto,,https://pastpapers.co/cie/?dir=A%20Level/Business-9609/2023-May-June
https://pastpapers.co/caie/a-level/business-9609/2023-may-june/9609_s23_gt.pdf,,9609_s23_gt.pdf,auto,9609_s23_gt.pdf,https://pastpapers.co/cie/?dir=A%20Level/Business-9609/2023-May-June
https://pastpapers.co/api/file/caie/a-level/business-9609/2023-may-june/9609_s23_gt.pdf?download=1,,9609_s23_gt.pdf,auto,,https://pastpapers.co/cie/?dir=A%20Level/Business-9609/2023-May-June
https://pastpapers.co/caie/a-level/business-9609/2023-may-june/9609_s23_in_31.pdf,,9609_s23_in_31.pdf,auto,9609_s23_in_31.pdf,https://pastpapers.co/cie/?dir=A%20Level/Business-9609/2023-May-June
https://pastpapers.co/api/file/caie/a-level/business-9609/2023-may-june/9609_s23_in_31.pdf?download=1,,9609_s23_in_31.pdf,auto,,https://pastpapers.co/cie/?dir=A%20Level/Business-9609/2023-May-June
https://pastpapers.co/caie/a-level/business-9609/2023-may-june/9609_s23_in_32.pdf,,9609_s23_in_32.pdf,auto,9609_s23_in_32.pdf,https://pastpapers.co/cie/?dir=A%20Level/Business-9609/2023-May-June
https://pastpapers.co/api/file/caie/a-level/business-9609/2023-may-june/9609_s23_in_32.pdf?download=1,,9609_s23_in_32.pdf,auto,,https://pastpapers.co/cie/?dir=A%20Level/Business-9609/2023-May-June
https://pastpapers.co/caie/a-level/business-9609/2023-may-june/9609_s23_in_33.pdf,,9609_s23_in_33.pdf,auto,9609_s23_in_33.pdf,https://pastpapers.co/cie/?dir=A%20Level/Business-9609/2023-May-June
https://pastpapers.co/api/file/caie/a-level/business-9609/2023-may-june/9609_s23_in_33.pdf?download=1,,9609_s23_in_33.pdf,auto,,https://pastpapers.co/cie/?dir=A%20Level/Business-9609/2023-May-June
https://pastpapers.co/caie/a-level/business-9609/2023-may-june/9609_s23_ms_11.pdf,,9609_s23_ms_11.pdf,auto,9609_s23_ms_11.pdf,https://pastpapers.co/cie/?dir=A%20Level/Business-9609/2023-May-June
https://pastpapers.co/api/file/caie/a-level/business-9609/2023-may-june/9609_s23_ms_11.pdf?download=1,,9609_s23_ms_11.pdf,auto,,https://pastpapers.co/cie/?dir=A%20Level/Business-9609/2023-May-June
https://pastpapers.co/caie/a-level/business-9609/2023-may-june/9609_s23_ms_12.pdf,,9609_s23_ms_12.pdf,auto,9609_s23_ms_12.pdf,https://pastpapers.co/cie/?dir=A%20Level/Business-9609/2023-May-June
https://pastpapers.co/api/file/caie/a-level/business-9609/2023-may-june/9609_s23_ms_12.pdf?download=1,,9609_s23_ms_12.pdf,auto,,https://pastpapers.co/cie/?dir=A%20Level/Business-9609/2023-May-June
https://pastpapers.co/caie/a-level/business-9609/2023-may-june/9609_s23_ms_13.pdf,,9609_s23_ms_13.pdf,auto,9609_s23_ms_13.pdf,https://pastpapers.co/cie/?dir=A%20Level/Business-9609/2023-May-June
https://pastpapers.co/api/file/caie/a-level/business-9609/2023-may-june/9609_s23_ms_13.pdf?download=1,,9609_s23_ms_13.pdf,auto,,https://pastpapers.co/cie/?dir=A%20Level/Business-9609/2023-May-June
https://pastpapers.co/caie/a-level/business-9609/2023-may-june/9609_s23_ms_21.pdf,,9609_s23_ms_21.pdf,auto,9609_s23_ms_21.pdf,https://pastpapers.co/cie/?dir=A%20Level/Business-9609/2023-May-June
https://pastpapers.co/api/file/caie/a-level/business-9609/2023-may-june/9609_s23_ms_21.pdf?download=1,,9609_s23_ms_21.pdf,auto,,https://pastpapers.co/cie/?dir=A%20Level/Business-9609/2023-May-June
https://pastpapers.co/caie/a-level/business-9609/2023-may-june/9609_s23_ms_22.pdf,,9609_s23_ms_22.pdf,auto,9609_s23_ms_22.pdf,https://pastpapers.co/cie/?dir=A%20Level/Business-9609/2023-May-June
https://pastpapers.co/api/file/caie/a-level/business-9609/2023-may-june/9609_s23_ms_22.pdf?download=1,,9609_s23_ms_22.pdf,auto,,https://pastpapers.co/cie/?dir=A%20Level/Business-9609/2023-May-June
https://pastpapers.co/caie/a-level/business-9609/2023-may-june/9609_s23_ms_23.pdf,,9609_s23_ms_23.pdf,auto,9609_s23_ms_23.pdf,https://pastpapers.co/cie/?dir=A%20Level/Business-9609/2023-May-June
https://pastpapers.co/api/file/caie/a-level/business-9609/2023-may-june/9609_s23_ms_23.pdf?download=1,,9609_s23_ms_23.pdf,auto,,https://pastpapers.co/cie/?dir=A%20Level/Business-9609/2023-May-June
https://pastpapers.co/caie/a-level/business-9609/2023-may-june/9609_s23_ms_31.pdf,,9609_s23_ms_31.pdf,auto,9609_s23_ms_31.pdf,https://pastpapers.co/cie/?dir=A%20Level/Business-9609/2023-May-June
https://pastpapers.co/api/file/caie/a-level/business-9609/2023-may-june/9609_s23_ms_31.pdf?download=1,,9609_s23_ms_31.pdf,auto,,https://pastpapers.co/cie/?dir=A%20Level/Business-9609/2023-May-June
https://pastpapers.co/caie/a-level/business-9609/2023-may-june/9609_s23_ms_32.pdf,,9609_s23_ms_32.pdf,auto,9609_s23_ms_32.pdf,https://pastpapers.co/cie/?dir=A%20Level/Business-9609/2023-May-June
https://pastpapers.co/api/file/caie/a-level/business-9609/2023-may-june/9609_s23_ms_32.pdf?download=1,,9609_s23_ms_32.pdf,auto,,https://pastpapers.co/cie/?dir=A%20Level/Business-9609/2023-May-June
https://pastpapers.co/caie/a-level/business-9609/2023-may-june/9609_s23_ms_33.pdf,,9609_s23_ms_33.pdf,auto,9609_s23_ms_33.pdf,https://pastpapers.co/cie/?dir=A%20Level/Business-9609/2023-May-June
https://pastpapers.co/api/file/caie/a-level/business-9609/2023-may-june/9609_s23_ms_33.pdf?download=1,,9609_s23_ms_33.pdf,auto,,https://pastpapers.co/cie/?dir=A%20Level/Business-9609/2023-May-June
https://pastpapers.co/caie/a-level/business-9609/2023-may-june/9609_s23_ms_41.pdf,,9609_s23_ms_41.pdf,auto,9609_s23_ms_41.pdf,https://pastpapers.co/cie/?dir=A%20Level/Business-9609/2023-May-June
https://pastpapers.co/api/file/caie/a-level/business-9609/2023-may-june/9609_s23_ms_41.pdf?download=1,,9609_s23_ms_41.pdf,auto,,https://pastpapers.co/cie/?dir=A%20Level/Business-9609/2023-May-June
https://pastpapers.co/caie/a-level/business-9609/2023-may-june/9609_s23_ms_42.pdf,,9609_s23_ms_42.pdf,auto,9609_s23_ms_42.pdf,https://pastpapers.co/cie/?dir=A%20Level/Business-9609/2023-May-June
https://pastpapers.co/api/file/caie/a-level/business-9609/2023-may-june/9609_s23_ms_42.pdf?download=1,,9609_s23_ms_42.pdf,auto,,https://pastpapers.co/cie/?dir=A%20Level/Business-9609/2023-May-June
https://pastpapers.co/caie/a-level/business-9609/2023-may-june/9609_s23_ms_43.pdf,,9609_s23_ms_43.pdf,auto,9609_s23_ms_43.pdf,https://pastpapers.co/cie/?dir=A%20Level/Business-9609/2023-May-June
https://pastpapers.co/api/file/caie/a-level/business-9609/2023-may-june/9609_s23_ms_43.pdf?download=1,,9609_s23_ms_43.pdf,auto,,https://pastpapers.co/cie/?dir=A%20Level/Business-9609/2023-May-June
https://pastpapers.co/caie/a-level/business-9609/2023-may-june/9609_s23_qp_11.pdf,,9609_s23_qp_11.pdf,auto,9609_s23_qp_11.pdf,https://pastpapers.co/cie/?dir=A%20Level/Business-9609/2023-May-June
https://pastpapers.co/api/file/caie/a-level/business-9609/2023-may-june/9609_s23_qp_11.pdf?download=1,,9609_s23_qp_11.pdf,auto,,https://pastpapers.co/cie/?dir=A%20Level/Business-9609/2023-May-June
https://pastpapers.co/caie/a-level/business-9609/2023-may-june/9609_s23_qp_12.pdf,,9609_s23_qp_12.pdf,auto,9609_s23_qp_12.pdf,https://pastpapers.co/cie/?dir=A%20Level/Business-9609/2023-May-June
https://pastpapers.co/api/file/caie/a-level/business-9609/2023-may-june/9609_s23_qp_12.pdf?download=1,,9609_s23_qp_12.pdf,auto,,https://pastpapers.co/cie/?dir=A%20Level/Business-9609/2023-May-June
https://pastpapers.co/caie/a-level/business-9609/2023-may-june/9609_s23_qp_13.pdf,,9609_s23_qp_13.pdf,auto,9609_s23_qp_13.pdf,https://pastpapers.co/cie/?dir=A%20Level/Business-9609/2023-May-June
https://pastpapers.co/api/file/caie/a-level/business-9609/2023-may-june/9609_s23_qp_13.pdf?download=1,,9609_s23_qp_13.pdf,auto,,https://pastpapers.co/cie/?dir=A%20Level/Business-9609/2023-May-June
https://pastpapers.co/caie/a-level/business-9609/2023-may-june/9609_s23_qp_21.pdf,,9609_s23_qp_21.pdf,auto,9609_s23_qp_21.pdf,https://pastpapers.co/cie/?dir=A%20Level/Business-9609/2023-May-June
https://pastpapers.co/api/file/caie/a-level/business-9609/2023-may-june/9609_s23_qp_21.pdf?download=1,,9609_s23_qp_21.pdf,auto,,https://pastpapers.co/cie/?dir=A%20Level/Business-9609/2023-May-June
https://pastpapers.co/caie/a-level/business-9609/2023-may-june/9609_s23_qp_22.pdf,,9609_s23_qp_22.pdf,auto,9609_s23_qp_22.pdf,https://pastpapers.co/cie/?dir=A%20Level/Business-9609/2023-May-June
https://pastpapers.co/api/file/caie/a-level/business-9609/2023-may-june/9609_s23_qp_22.pdf?download=1,,9609_s23_qp_22.pdf,auto,,https://pastpapers.co/cie/?dir=A%20Level/Business-9609/2023-May-June
https://pastpapers.co/caie/a-level/business-9609/2023-may-june/9609_s23_qp_23.pdf,,9609_s23_qp_23.pdf,auto,9609_s23_qp_23.pdf,https://pastpapers.co/cie/?dir=A%20Level/Business-9609/2023-May-June
https://pastpapers.co/api/file/caie/a-level/business-9609/2023-may-june/9609_s23_qp_23.pdf?download=1,,9609_s23_qp_23.pdf,auto,,https://pastpapers.co/cie/?dir=A%20Level/Business-9609/2023-May-June
https://pastpapers.co/caie/a-level/business-9609/2023-may-june/9609_s23_qp_31.pdf,,9609_s23_qp_31.pdf,auto,9609_s23_qp_31.pdf,https://pastpapers.co/cie/?dir=A%20Level/Business-9609/2023-May-June
https://pastpapers.co/api/file/caie/a-level/business-9609/2023-may-june/9609_s23_qp_31.pdf?download=1,,9609_s23_qp_31.pdf,auto,,https://pastpapers.co/cie/?dir=A%20Level/Business-9609/2023-May-June
https://pastpapers.co/caie/a-level/business-9609/2023-may-june/9609_s23_qp_32.pdf,,9609_s23_qp_32.pdf,auto,9609_s23_qp_32.pdf,https://pastpapers.co/cie/?dir=A%20Level/Business-9609/2023-May-June
https://pastpapers.co/api/file/caie/a-level/business-9609/2023-may-june/9609_s23_qp_32.pdf?download=1,,9609_s23_qp_32.pdf,auto,,https://pastpapers.co/cie/?dir=A%20Level/Business-9609/2023-May-June
https://pastpapers.co/caie/a-level/business-9609/2023-may-june/9609_s23_qp_33.pdf,,9609_s23_qp_33.pdf,auto,9609_s23_qp_33.pdf,https://pastpapers.co/cie/?dir=A%20Level/Business-9609/2023-May-June
https://pastpapers.co/api/file/caie/a-level/business-9609/2023-may-june/9609_s23_qp_33.pdf?download=1,,9609_s23_qp_33.pdf,auto,,https://pastpapers.co/cie/?dir=A%20Level/Business-9609/2023-May-June
https://pastpapers.co/caie/a-level/business-9609/2023-may-june/9609_s23_qp_41.pdf,,9609_s23_qp_41.pdf,auto,9609_s23_qp_41.pdf,https://pastpapers.co/cie/?dir=A%20Level/Business-9609/2023-May-June
https://pastpapers.co/api/file/caie/a-level/business-9609/2023-may-june/9609_s23_qp_41.pdf?download=1,,9609_s23_qp_41.pdf,auto,,https://pastpapers.co/cie/?dir=A%20Level/Business-9609/2023-May-June
https://pastpapers.co/caie/a-level/business-9609/2023-may-june/9609_s23_qp_42.pdf,,9609_s23_qp_42.pdf,auto,9609_s23_qp_42.pdf,https://pastpapers.co/cie/?dir=A%20Level/Business-9609/2023-May-June
https://pastpapers.co/api/file/caie/a-level/business-9609/2023-may-june/9609_s23_qp_42.pdf?download=1,,9609_s23_qp_42.pdf,auto,,https://pastpapers.co/cie/?dir=A%20Level/Business-9609/2023-May-June
https://pastpapers.co/caie/a-level/business-9609/2023-may-june/9609_s23_qp_43.pdf,,9609_s23_qp_43.pdf,auto,9609_s23_qp_43.pdf,https://pastpapers.co/cie/?dir=A%20Level/Business-9609/2023-May-June
https://pastpapers.co/api/file/caie/a-level/business-9609/2023-may-june/9609_s23_qp_43.pdf?download=1,,9609_s23_qp_43.pdf,auto,,https://pastpapers.co/cie/?dir=A%20Level/Business-9609/2023-May-June
