url,folder,filename,target_path,mode,alt_urls,note,source_page
https://pastpapers.co/caie/a-level/mathematics-9709/2022-may-june/9709_s22_er.pdf,Question Banks/Cambridge Curricula/Cambridge AS and A Level/Mathematics (9709)/Examiner Reports/2022,9709_s22_er.pdf,,http,,ERExaminer Report,https://pastpapers.co/caie/a-level/mathematics-9709/2022-may-june/9709_s22_qp_12.pdf
https://pastpapers.co/caie/a-level/mathematics-9709/2022-oct-nov/9709_w22_er.pdf,Question Banks/Cambridge Curricula/Cambridge AS and A Level/Mathematics (9709)/Examiner Reports/2022,9709_w22_er.pdf,,http,,ERExaminer Report,https://pastpapers.co/caie/a-level/mathematics-9709/2022-oct-nov/9709_w22_qp_12.pdf
https://pastpapers.co/caie/a-level/mathematics-9709/2022-may-june/9709_s22_ms_11.pdf,Question Banks/Cambridge Curricula/Cambridge AS and A Level/Mathematics (9709)/Pure Mathematics 1/2022/May-June (Variant 1),9709_s22_ms_11.pdf,,http,,MSMark Scheme 1 (v1),https://pastpapers.co/caie/a-level/mathematics-9709/2022-may-june/9709_s22_qp_12.pdf
https://pastpapers.co/caie/a-level/mathematics-9709/2022-may-june/9709_s22_ms_12.pdf,Question Banks/Cambridge Curricula/Cambridge AS and A Level/Mathematics (9709)/Pure Mathematics 1/2022/May-June (Variant 2),9709_s22_ms_12.pdf,,http,,MSMark Scheme 1 (v2),https://pastpapers.co/caie/a-level/mathematics-9709/2022-may-june/9709_s22_qp_12.pdf
https://pastpapers.co/caie/a-level/mathematics-9709/2022-may-june/9709_s22_ms_13.pdf,Question Banks/Cambridge Curricula/Cambridge AS and A Level/Mathematics (9709)/Pure Mathematics 1/2022/May-June (Variant 3),9709_s22_ms_13.pdf,,http,,MSMark Scheme 1 (v3),https://pastpapers.co/caie/a-level/mathematics-9709/2022-may-june/9709_s22_qp_12.pdf
https://pastpapers.co/caie/a-level/mathematics-9709/2022-may-june/9709_s22_ms_21.pdf,Question Banks/Cambridge Curricula/Cambridge AS and A Level/Mathematics (9709)/Pure Mathematics 2/2022/May-June (Variant 1),9709_s22_ms_21.pdf,,http,,MSMark Scheme 2 (v1),https://pastpapers.co/caie/a-level/mathematics-9709/2022-may-june/9709_s22_qp_12.pdf
https://pastpapers.co/caie/a-level/mathematics-9709/2022-may-june/9709_s22_ms_22.pdf,Question Banks/Cambridge Curricula/Cambridge AS and A Level/Mathematics (9709)/Pure Mathematics 2/2022/May-June (Variant 2),9709_s22_ms_22.pdf,,http,,MSMark Scheme 2 (v2),https://pastpapers.co/caie/a-level/mathematics-9709/2022-may-june/9709_s22_qp_12.pdf
https://pastpapers.co/caie/a-level/mathematics-9709/2022-may-june/9709_s22_ms_23.pdf,Question Banks/Cambridge Curricula/Cambridge AS and A Level/Mathematics (9709)/Pure Mathematics 2/2022/May-June (Variant 3),9709_s22_ms_23.pdf,,http,,MSMark Scheme 2 (v3),https://pastpapers.co/caie/a-level/mathematics-9709/2022-may-june/9709_s22_qp_12.pdf
https://pastpapers.co/caie/a-level/mathematics-9709/2022-may-june/9709_s22_ms_31.pdf,Question Banks/Cambridge Curricula/Cambridge AS and A Level/Mathematics (9709)/Pure Mathematics 3/2022/May-June (Variant 1),9709_s22_ms_31.pdf,,http,,MSMark Scheme 3 (v1),https://pastpapers.co/caie/a-level/mathematics-9709/2022-may-june/9709_s22_qp_12.pdf
https://pastpapers.co/caie/a-level/mathematics-9709/2022-may-june/9709_s22_ms_32.pdf,Question Banks/Cambridge Curricula/Cambridge AS and A Level/Mathematics (9709)/Pure Mathematics 3/2022/May-June (Variant 2),9709_s22_ms_32.pdf,,http,,MSMark Scheme 3 (v2),https://pastpapers.co/caie/a-level/mathematics-9709/2022-may-june/9709_s22_qp_12.pdf
https://pastpapers.co/caie/a-level/mathematics-9709/2022-may-june/9709_s22_ms_33.pdf,Question Banks/Cambridge Curricula/Cambridge AS and A Level/Mathematics (9709)/Pure Mathematics 3/2022/May-June (Variant 3),9709_s22_ms_33.pdf,,http,,MSMark Scheme 3 (v3),https://pastpapers.co/caie/a-level/mathematics-9709/2022-may-june/9709_s22_qp_12.pdf
https://pastpapers.co/caie/a-level/mathematics-9709/2022-may-june/9709_s22_ms_41.pdf,Question Banks/Cambridge Curricula/Cambridge AS and A Level/Mathematics (9709)/Mechanics/2022/May-June (Variant 1),9709_s22_ms_41.pdf,,http,,MSMark Scheme 4 (v1),https://pastpapers.co/caie/a-level/mathematics-9709/2022-may-june/9709_s22_qp_12.pdf
https://pastpapers.co/caie/a-level/mathematics-9709/2022-may-june/9709_s22_ms_42.pdf,Question Banks/Cambridge Curricula/Cambridge AS and A Level/Mathematics (9709)/Mechanics/2022/May-June (Variant 2),9709_s22_ms_42.pdf,,http,,MSMark Scheme 4 (v2),https://pastpapers.co/caie/a-level/mathematics-9709/2022-may-june/9709_s22_qp_12.pdf
https://pastpapers.co/caie/a-level/mathematics-9709/2022-may-june/9709_s22_ms_43.pdf,Question Banks/Cambridge Curricula/Cambridge AS and A Level/Mathematics (9709)/Mechanics/2022/May-June (Variant 3),9709_s22_ms_43.pdf,,http,,MSMark Scheme 4 (v3),https://pastpapers.co/caie/a-level/mathematics-9709/2022-may-june/9709_s22_qp_12.pdf
https://pastpapers.co/caie/a-level/mathematics-9709/2022-may-june/9709_s22_ms_51.pdf,Question Banks/Cambridge Curricula/Cambridge AS and A Level/Mathematics (9709)/Probability & Statistics 1/2022/May-June (Variant 1),9709_s22_ms_51.pdf,,http,,MSMark Scheme 5 (v1),https://pastpapers.co/caie/a-level/mathematics-9709/2022-may-june/9709_s22_qp_12.pdf
https://pastpapers.co/caie/a-level/mathematics-9709/2022-may-june/9709_s22_ms_52.pdf,Question Banks/Cambridge Curricula/Cambridge AS and A Level/Mathematics (9709)/Probability & Statistics 1/2022/May-June (Variant 2),9709_s22_ms_52.pdf,,http,,MSMark Scheme 5 (v2),https://pastpapers.co/caie/a-level/mathematics-9709/2022-may-june/9709_s22_qp_12.pdf
https://pastpapers.co/caie/a-level/mathematics-9709/2022-may-june/9709_s22_ms_53.pdf,Question Banks/Cambridge Curricula/Cambridge AS and A Level/Mathematics (9709)/Probability & Statistics 1/2022/May-June (Variant 3),9709_s22_ms_53.pdf,,http,,MSMark Scheme 5 (v3),https://pastpapers.co/caie/a-level/mathematics-9709/2022-may-june/9709_s22_qp_12.pdf
https://pastpapers.co/caie/a-level/mathematics-9709/2022-may-june/9709_s22_ms_61.pdf,Question Banks/Cambridge Curricula/Cambridge AS and A Level/Mathematics (9709)/Probability & Statistics 2/2022/May-June (Variant 1),9709_s22_ms_61.pdf,,http,,MSMark Scheme 6 (v1),https://pastpapers.co/caie/a-level/mathematics-9709/2022-may-june/9709_s22_qp_12.pdf
https://pastpapers.co/caie/a-level/mathematics-9709/2022-may-june/9709_s22_ms_62.pdf,Question Banks/Cambridge Curricula/Cambridge AS and A Level/Mathematics (9709)/Probability & Statistics 2/2022/May-June (Variant 2),9709_s22_ms_62.pdf,,http,,MSMark Scheme 6 (v2),https://pastpapers.co/caie/a-level/mathematics-9709/2022-may-june/9709_s22_qp_12.pdf
https://pastpapers.co/caie/a-level/mathematics-9709/2022-may-june/9709_s22_ms_63.pdf,Question Banks/Cambridge Curricula/Cambridge AS and A Level/Mathematics (9709)/Probability & Statistics 2/2022/May-June (Variant 3),9709_s22_ms_63.pdf,,http,,MSMark Scheme 6 (v3),https://pastpapers.co/caie/a-level/mathematics-9709/2022-may-june/9709_s22_qp_12.pdf
https://pastpapers.co/caie/a-level/mathematics-9709/2022-oct-nov/9709_w22_ms_11.pdf,Question Banks/Cambridge Curricula/Cambridge AS and A Level/Mathematics (9709)/Pure Mathematics 1/2022/Oct-Nov (Variant 1),9709_w22_ms_11.pdf,,http,,MSMark Scheme 1 (v1),https://pastpapers.co/caie/a-level/mathematics-9709/2022-oct-nov/9709_w22_qp_12.pdf
https://pastpapers.co/caie/a-level/mathematics-9709/2022-oct-nov/9709_w22_ms_12.pdf,Question Banks/Cambridge Curricula/Cambridge AS and A Level/Mathematics (9709)/Pure Mathematics 1/2022/Oct-Nov (Variant 2),9709_w22_ms_12.pdf,,http,,MSMark Scheme 1 (v2),https://pastpapers.co/caie/a-level/mathematics-9709/2022-oct-nov/9709_w22_qp_12.pdf
https://pastpapers.co/caie/a-level/mathematics-9709/2022-oct-nov/9709_w22_ms_13.pdf,Question Banks/Cambridge Curricula/Cambridge AS and A Level/Mathematics (9709)/Pure Mathematics 1/2022/Oct-Nov (Variant 3),9709_w22_ms_13.pdf,,http,,MSMark Scheme 1 (v3),https://pastpapers.co/caie/a-level/mathematics-9709/2022-oct-nov/9709_w22_qp_12.pdf
https://pastpapers.co/caie/a-level/mathematics-9709/2022-oct-nov/9709_w22_ms_21.pdf,Question Banks/Cambridge Curricula/Cambridge AS and A Level/Mathematics (9709)/Pure Mathematics 2/2022/Oct-Nov (Variant 1),9709_w22_ms_21.pdf,,http,,MSMark Scheme 2 (v1),https://pastpapers.co/caie/a-level/mathematics-9709/2022-oct-nov/9709_w22_qp_12.pdf
https://pastpapers.co/caie/a-level/mathematics-9709/2022-oct-nov/9709_w22_ms_22.pdf,Question Banks/Cambridge Curricula/Cambridge AS and A Level/Mathematics (9709)/Pure Mathematics 2/2022/Oct-Nov (Variant 2),9709_w22_ms_22.pdf,,http,,MSMark Scheme 2 (v2),https://pastpapers.co/caie/a-level/mathematics-9709/2022-oct-nov/9709_w22_qp_12.pdf
https://pastpapers.co/caie/a-level/mathematics-9709/2022-oct-nov/9709_w22_ms_23.pdf,Question Banks/Cambridge Curricula/Cambridge AS and A Level/Mathematics (9709)/Pure Mathematics 2/2022/Oct-Nov (Variant 3),9709_w22_ms_23.pdf,,http,,MSMark Scheme 2 (v3),https://pastpapers.co/caie/a-level/mathematics-9709/2022-oct-nov/9709_w22_qp_12.pdf
https://pastpapers.co/caie/a-level/mathematics-9709/2022-oct-nov/9709_w22_ms_31.pdf,Question Banks/Cambridge Curricula/Cambridge AS and A Level/Mathematics (9709)/Pure Mathematics 3/2022/Oct-Nov (Variant 1),9709_w22_ms_31.pdf,,http,,MSMark Scheme 3 (v1),https://pastpapers.co/caie/a-level/mathematics-9709/2022-oct-nov/9709_w22_qp_12.pdf
https://pastpapers.co/caie/a-level/mathematics-9709/2022-oct-nov/9709_w22_ms_32.pdf,Question Banks/Cambridge Curricula/Cambridge AS and A Level/Mathematics (9709)/Pure Mathematics 3/2022/Oct-Nov (Variant 2),9709_w22_ms_32.pdf,,http,,MSMark Scheme 3 (v2),https://pastpapers.co/caie/a-level/mathematics-9709/2022-oct-nov/9709_w22_qp_12.pdf
https://pastpapers.co/caie/a-level/mathematics-9709/2022-oct-nov/9709_w22_ms_33.pdf,Question Banks/Cambridge Curricula/Cambridge AS and A Level/Mathematics (9709)/Pure Mathematics 3/2022/Oct-Nov (Variant 3),9709_w22_ms_33.pdf,,http,,MSMark Scheme 3 (v3),https://pastpapers.co/caie/a-level/mathematics-9709/2022-oct-nov/9709_w22_qp_12.pdf
https://pastpapers.co/caie/a-level/mathematics-9709/2022-oct-nov/9709_w22_ms_41.pdf,Question Banks/Cambridge Curricula/Cambridge AS and A Level/Mathematics (9709)/Mechanics/2022/Oct-Nov (Variant 1),9709_w22_ms_41.pdf,,http,,MSMark Scheme 4 (v1),https://pastpapers.co/caie/a-level/mathematics-9709/2022-oct-nov/9709_w22_qp_12.pdf
https://pastpapers.co/caie/a-level/mathematics-9709/2022-oct-nov/9709_w22_ms_42.pdf,Question Banks/Cambridge Curricula/Cambridge AS and A Level/Mathematics (9709)/Mechanics/2022/Oct-Nov (Variant 2),9709_w22_ms_42.pdf,,http,,MSMark Scheme 4 (v2),https://pastpapers.co/caie/a-level/mathematics-9709/2022-oct-nov/9709_w22_qp_12.pdf
https://pastpapers.co/caie/a-level/mathematics-9709/2022-oct-nov/9709_w22_ms_43.pdf,Question Banks/Cambridge Curricula/Cambridge AS and A Level/Mathematics (9709)/Mechanics/2022/Oct-Nov (Variant 3),9709_w22_ms_43.pdf,,http,,MSMark Scheme 4 (v3),https://pastpapers.co/caie/a-level/mathematics-9709/2022-oct-nov/9709_w22_qp_12.pdf
https://pastpapers.co/caie/a-level/mathematics-9709/2022-oct-nov/9709_w22_ms_51.pdf,Question Banks/Cambridge Curricula/Cambridge AS and A Level/Mathematics (9709)/Probability & Statistics 1/2022/Oct-Nov (Variant 1),9709_w22_ms_51.pdf,,http,,MSMark Scheme 5 (v1),https://pastpapers.co/caie/a-level/mathematics-9709/2022-oct-nov/9709_w22_qp_12.pdf
https://pastpapers.co/caie/a-level/mathematics-9709/2022-oct-nov/9709_w22_ms_52.pdf,Question Banks/Cambridge Curricula/Cambridge AS and A Level/Mathematics (9709)/Probability & Statistics 1/2022/Oct-Nov (Variant 2),9709_w22_ms_52.pdf,,http,,MSMark Scheme 5 (v2),https://pastpapers.co/caie/a-level/mathematics-9709/2022-oct-nov/9709_w22_qp_12.pdf
https://pastpapers.co/caie/a-level/mathematics-9709/2022-oct-nov/9709_w22_ms_53.pdf,Question Banks/Cambridge Curricula/Cambridge AS and A Level/Mathematics (9709)/Probability & Statistics 1/2022/Oct-Nov (Variant 3),9709_w22_ms_53.pdf,,http,,MSMark Scheme 5 (v3),https://pastpapers.co/caie/a-level/mathematics-9709/2022-oct-nov/9709_w22_qp_12.pdf
https://pastpapers.co/caie/a-level/mathematics-9709/2022-oct-nov/9709_w22_ms_61.pdf,Question Banks/Cambridge Curricula/Cambridge AS and A Level/Mathematics (9709)/Probability & Statistics 2/2022/Oct-Nov (Variant 1),9709_w22_ms_61.pdf,,http,,MSMark Scheme 6 (v1),https://pastpapers.co/caie/a-level/mathematics-9709/2022-oct-nov/9709_w22_qp_12.pdf
https://pastpapers.co/caie/a-level/mathematics-9709/2022-oct-nov/9709_w22_ms_62.pdf,Question Banks/Cambridge Curricula/Cambridge AS and A Level/Mathematics (9709)/Probability & Statistics 2/2022/Oct-Nov (Variant 2),9709_w22_ms_62.pdf,,http,,MSMark Scheme 6 (v2),https://pastpapers.co/caie/a-level/mathematics-9709/2022-oct-nov/9709_w22_qp_12.pdf
https://pastpapers.co/caie/a-level/mathematics-9709/2022-oct-nov/9709_w22_ms_63.pdf,Question Banks/Cambridge Curricula/Cambridge AS and A Level/Mathematics (9709)/Probability & Statistics 2/2022/Oct-Nov (Variant 3),9709_w22_ms_63.pdf,,http,,MSMark Scheme 6 (v3),https://pastpapers.co/caie/a-level/mathematics-9709/2022-oct-nov/9709_w22_qp_12.pdf
https://pastpapers.co/caie/a-level/mathematics-9709/2022-may-june/9709_s22_qp_11.pdf,Question Banks/Cambridge Curricula/Cambridge AS and A Level/Mathematics (9709)/Pure Mathematics 1/2022/May-June (Variant 1),9709_s22_qp_11.pdf,,http,,QPQuestion Paper 1 (v1),https://pastpapers.co/caie/a-level/mathematics-9709/2022-may-june/9709_s22_qp_12.pdf
https://pastpapers.co/api/file/caie/a-level/mathematics-9709/2022-may-june/9709_s22_qp_12.pdf,Question Banks/Cambridge Curricula/Cambridge AS and A Level/Mathematics (9709)/Pure Mathematics 1/2022/May-June (Variant 2),9709_s22_qp_12.pdf,,http,https://pastpapers.co/api/file/caie/a-level/mathematics-9709/2022-may-june/9709_s22_qp_12.pdf?download=1,,https://pastpapers.co/caie/a-level/mathematics-9709/2022-may-june/9709_s22_qp_12.pdf
https://pastpapers.co/caie/a-level/mathematics-9709/2022-may-june/9709_s22_qp_13.pdf,Question Banks/Cambridge Curricula/Cambridge AS and A Level/Mathematics (9709)/Pure Mathematics 1/2022/May-June (Variant 3),9709_s22_qp_13.pdf,,http,,QPQuestion Paper 1 (v3),https://pastpapers.co/caie/a-level/mathematics-9709/2022-may-june/9709_s22_qp_12.pdf
https://pastpapers.co/caie/a-level/mathematics-9709/2022-may-june/9709_s22_qp_21.pdf,Question Banks/Cambridge Curricula/Cambridge AS and A Level/Mathematics (9709)/Pure Mathematics 2/2022/May-June (Variant 1),9709_s22_qp_21.pdf,,http,,QPQuestion Paper 2 (v1),https://pastpapers.co/caie/a-level/mathematics-9709/2022-may-june/9709_s22_qp_12.pdf
https://pastpapers.co/caie/a-level/mathematics-9709/2022-may-june/9709_s22_qp_22.pdf,Question Banks/Cambridge Curricula/Cambridge AS and A Level/Mathematics (9709)/Pure Mathematics 2/2022/May-June (Variant 2),9709_s22_qp_22.pdf,,http,,QPQuestion Paper 2 (v2),https://pastpapers.co/caie/a-level/mathematics-9709/2022-may-june/9709_s22_qp_12.pdf
https://pastpapers.co/caie/a-level/mathematics-9709/2022-may-june/9709_s22_qp_23.pdf,Question Banks/Cambridge Curricula/Cambridge AS and A Level/Mathematics (9709)/Pure Mathematics 2/2022/May-June (Variant 3),9709_s22_qp_23.pdf,,http,,QPQuestion Paper 2 (v3),https://pastpapers.co/caie/a-level/mathematics-9709/2022-may-june/9709_s22_qp_12.pdf
https://pastpapers.co/caie/a-level/mathematics-9709/2022-may-june/9709_s22_qp_31.pdf,Question Banks/Cambridge Curricula/Cambridge AS and A Level/Mathematics (9709)/Pure Mathematics 3/2022/May-June (Variant 1),9709_s22_qp_31.pdf,,http,,QPQuestion Paper 3 (v1),https://pastpapers.co/caie/a-level/mathematics-9709/2022-may-june/9709_s22_qp_12.pdf
https://pastpapers.co/caie/a-level/mathematics-9709/2022-may-june/9709_s22_qp_32.pdf,Question Banks/Cambridge Curricula/Cambridge AS and A Level/Mathematics (9709)/Pure Mathematics 3/2022/May-June (Variant 2),9709_s22_qp_32.pdf,,http,,QPQuestion Paper 3 (v2),https://pastpapers.co/caie/a-level/mathematics-9709/2022-may-june/9709_s22_qp_12.pdf
https://pastpapers.co/caie/a-level/mathematics-9709/2022-may-june/9709_s22_qp_33.pdf,Question Banks/Cambridge Curricula/Cambridge AS and A Level/Mathematics (9709)/Pure Mathematics 3/2022/May-June (Variant 3),9709_s22_qp_33.pdf,,http,,QPQuestion Paper 3 (v3),https://pastpapers.co/caie/a-level/mathematics-9709/2022-may-june/9709_s22_qp_12.pdf
https://pastpapers.co/caie/a-level/mathematics-9709/2022-may-june/9709_s22_qp_41.pdf,Question Banks/Cambridge Curricula/Cambridge AS and A Level/Mathematics (9709)/Mechanics/2022/May-June (Variant 1),9709_s22_qp_41.pdf,,http,,QPQuestion Paper 4 (v1),https://pastpapers.co/caie/a-level/mathematics-9709/2022-may-june/9709_s22_qp_12.pdf
https://pastpapers.co/caie/a-level/mathematics-9709/2022-may-june/9709_s22_qp_42.pdf,Question Banks/Cambridge Curricula/Cambridge AS and A Level/Mathematics (9709)/Mechanics/2022/May-June (Variant 2),9709_s22_qp_42.pdf,,http,,QPQuestion Paper 4 (v2),https://pastpapers.co/caie/a-level/mathematics-9709/2022-may-june/9709_s22_qp_12.pdf
https://pastpapers.co/caie/a-level/mathematics-9709/2022-may-june/9709_s22_qp_43.pdf,Question Banks/Cambridge Curricula/Cambridge AS and A Level/Mathematics (9709)/Mechanics/2022/May-June (Variant 3),9709_s22_qp_43.pdf,,http,,QPQuestion Paper 4 (v3),https://pastpapers.co/caie/a-level/mathematics-9709/2022-may-june/9709_s22_qp_12.pdf
https://pastpapers.co/caie/a-level/mathematics-9709/2022-may-june/9709_s22_qp_51.pdf,Question Banks/Cambridge Curricula/Cambridge AS and A Level/Mathematics (9709)/Probability & Statistics 1/2022/May-June (Variant 1),9709_s22_qp_51.pdf,,http,,QPQuestion Paper 5 (v1),https://pastpapers.co/caie/a-level/mathematics-9709/2022-may-june/9709_s22_qp_12.pdf
https://pastpapers.co/caie/a-level/mathematics-9709/2022-may-june/9709_s22_qp_52.pdf,Question Banks/Cambridge Curricula/Cambridge AS and A Level/Mathematics (9709)/Probability & Statistics 1/2022/May-June (Variant 2),9709_s22_qp_52.pdf,,http,,QPQuestion Paper 5 (v2),https://pastpapers.co/caie/a-level/mathematics-9709/2022-may-june/9709_s22_qp_12.pdf
https://pastpapers.co/caie/a-level/mathematics-9709/2022-may-june/9709_s22_qp_53.pdf,Question Banks/Cambridge Curricula/Cambridge AS and A Level/Mathematics (9709)/Probability & Statistics 1/2022/May-June (Variant 3),9709_s22_qp_53.pdf,,http,,QPQuestion Paper 5 (v3),https://pastpapers.co/caie/a-level/mathematics-9709/2022-may-june/9709_s22_qp_12.pdf
https://pastpapers.co/caie/a-level/mathematics-9709/2022-may-june/9709_s22_qp_61.pdf,Question Banks/Cambridge Curricula/Cambridge AS and A Level/Mathematics (9709)/Probability & Statistics 2/2022/May-June (Variant 1),9709_s22_qp_61.pdf,,http,,QPQuestion Paper 6 (v1),https://pastpapers.co/caie/a-level/mathematics-9709/2022-may-june/9709_s22_qp_12.pdf
https://pastpapers.co/caie/a-level/mathematics-9709/2022-may-june/9709_s22_qp_62.pdf,Question Banks/Cambridge Curricula/Cambridge AS and A Level/Mathematics (9709)/Probability & Statistics 2/2022/May-June (Variant 2),9709_s22_qp_62.pdf,,http,,QPQuestion Paper 6 (v2),https://pastpapers.co/caie/a-level/mathematics-9709/2022-may-june/9709_s22_qp_12.pdf
https://pastpapers.co/caie/a-level/mathematics-9709/2022-may-june/9709_s22_qp_63.pdf,Question Banks/Cambridge Curricula/Cambridge AS and A Level/Mathematics (9709)/Probability & Statistics 2/2022/May-June (Variant 3),9709_s22_qp_63.pdf,,http,,QPQuestion Paper 6 (v3),https://pastpapers.co/caie/a-level/mathematics-9709/2022-may-june/9709_s22_qp_12.pdf
https://pastpapers.co/caie/a-level/mathematics-9709/2022-oct-nov/9709_w22_qp_11.pdf,Question Banks/Cambridge Curricula/Cambridge AS and A Level/Mathematics (9709)/Pure Mathematics 1/2022/Oct-Nov (Variant 1),9709_w22_qp_11.pdf,,http,,QPQuestion Paper 1 (v1),https://pastpapers.co/caie/a-level/mathematics-9709/2022-oct-nov/9709_w22_qp_12.pdf
https://pastpapers.co/api/file/caie/a-level/mathematics-9709/2022-oct-nov/9709_w22_qp_12.pdf,Question Banks/Cambridge Curricula/Cambridge AS and A Level/Mathematics (9709)/Pure Mathematics 1/2022/Oct-Nov (Variant 2),9709_w22_qp_12.pdf,,http,https://pastpapers.co/api/file/caie/a-level/mathematics-9709/2022-oct-nov/9709_w22_qp_12.pdf?download=1,,https://pastpapers.co/caie/a-level/mathematics-9709/2022-oct-nov/9709_w22_qp_12.pdf
https://pastpapers.co/caie/a-level/mathematics-9709/2022-oct-nov/9709_w22_qp_13.pdf,Question Banks/Cambridge Curricula/Cambridge AS and A Level/Mathematics (9709)/Pure Mathematics 1/2022/Oct-Nov (Variant 3),9709_w22_qp_13.pdf,,http,,QPQuestion Paper 1 (v3),https://pastpapers.co/caie/a-level/mathematics-9709/2022-oct-nov/9709_w22_qp_12.pdf
https://pastpapers.co/caie/a-level/mathematics-9709/2022-oct-nov/9709_w22_qp_21.pdf,Question Banks/Cambridge Curricula/Cambridge AS and A Level/Mathematics (9709)/Pure Mathematics 2/2022/Oct-Nov (Variant 1),9709_w22_qp_21.pdf,,http,,QPQuestion Paper 2 (v1),https://pastpapers.co/caie/a-level/mathematics-9709/2022-oct-nov/9709_w22_qp_12.pdf
https://pastpapers.co/caie/a-level/mathematics-9709/2022-oct-nov/9709_w22_qp_22.pdf,Question Banks/Cambridge Curricula/Cambridge AS and A Level/Mathematics (9709)/Pure Mathematics 2/2022/Oct-Nov (Variant 2),9709_w22_qp_22.pdf,,http,,QPQuestion Paper 2 (v2),https://pastpapers.co/caie/a-level/mathematics-9709/2022-oct-nov/9709_w22_qp_12.pdf
https://pastpapers.co/caie/a-level/mathematics-9709/2022-oct-nov/9709_w22_qp_23.pdf,Question Banks/Cambridge Curricula/Cambridge AS and A Level/Mathematics (9709)/Pure Mathematics 2/2022/Oct-Nov (Variant 3),9709_w22_qp_23.pdf,,http,,QPQuestion Paper 2 (v3),https://pastpapers.co/caie/a-level/mathematics-9709/2022-oct-nov/9709_w22_qp_12.pdf
https://pastpapers.co/caie/a-level/mathematics-9709/2022-oct-nov/9709_w22_qp_31.pdf,Question Banks/Cambridge Curricula/Cambridge AS and A Level/Mathematics (9709)/Pure Mathematics 3/2022/Oct-Nov (Variant 1),9709_w22_qp_31.pdf,,http,,QPQuestion Paper 3 (v1),https://pastpapers.co/caie/a-level/mathematics-9709/2022-oct-nov/9709_w22_qp_12.pdf
https://pastpapers.co/caie/a-level/mathematics-9709/2022-oct-nov/9709_w22_qp_32.pdf,Question Banks/Cambridge Curricula/Cambridge AS and A Level/Mathematics (9709)/Pure Mathematics 3/2022/Oct-Nov (Variant 2),9709_w22_qp_32.pdf,,http,,QPQuestion Paper 3 (v2),https://pastpapers.co/caie/a-level/mathematics-9709/2022-oct-nov/9709_w22_qp_12.pdf
https://pastpapers.co/caie/a-level/mathematics-9709/2022-oct-nov/9709_w22_qp_33.pdf,Question Banks/Cambridge Curricula/Cambridge AS and A Level/Mathematics (9709)/Pure Mathematics 3/2022/Oct-Nov (Variant 3),9709_w22_qp_33.pdf,,http,,QPQuestion Paper 3 (v3),https://pastpapers.co/caie/a-level/mathematics-9709/2022-oct-nov/9709_w22_qp_12.pdf
https://pastpapers.co/caie/a-level/mathematics-9709/2022-oct-nov/9709_w22_qp_41.pdf,Question Banks/Cambridge Curricula/Cambridge AS and A Level/Mathematics (9709)/Mechanics/2022/Oct-Nov (Variant 1),9709_w22_qp_41.pdf,,http,,QPQuestion Paper 4 (v1),https://pastpapers.co/caie/a-level/mathematics-9709/2022-oct-nov/9709_w22_qp_12.pdf
https://pastpapers.co/caie/a-level/mathematics-9709/2022-oct-nov/9709_w22_qp_42.pdf,Question Banks/Cambridge Curricula/Cambridge AS and A Level/Mathematics (9709)/Mechanics/2022/Oct-Nov (Variant 2),9709_w22_qp_42.pdf,,http,,QPQuestion Paper 4 (v2),https://pastpapers.co/caie/a-level/mathematics-9709/2022-oct-nov/9709_w22_qp_12.pdf
https://pastpapers.co/caie/a-level/mathematics-9709/2022-oct-nov/9709_w22_qp_43.pdf,Question Banks/Cambridge Curricula/Cambridge AS and A Level/Mathematics (9709)/Mechanics/2022/Oct-Nov (Variant 3),9709_w22_qp_43.pdf,,http,,QPQuestion Paper 4 (v3),https://pastpapers.co/caie/a-level/mathematics-9709/2022-oct-nov/9709_w22_qp_12.pdf
https://pastpapers.co/caie/a-level/mathematics-9709/2022-oct-nov/9709_w22_qp_51.pdf,Question Banks/Cambridge Curricula/Cambridge AS and A Level/Mathematics (9709)/Probability & Statistics 1/2022/Oct-Nov (Variant 1),9709_w22_qp_51.pdf,,http,,QPQuestion Paper 5 (v1),https://pastpapers.co/caie/a-level/mathematics-9709/2022-oct-nov/9709_w22_qp_12.pdf
https://pastpapers.co/caie/a-level/mathematics-9709/2022-oct-nov/9709_w22_qp_52.pdf,Question Banks/Cambridge Curricula/Cambridge AS and A Level/Mathematics (9709)/Probability & Statistics 1/2022/Oct-Nov (Variant 2),9709_w22_qp_52.pdf,,http,,QPQuestion Paper 5 (v2),https://pastpapers.co/caie/a-level/mathematics-9709/2022-oct-nov/9709_w22_qp_12.pdf
https://pastpapers.co/caie/a-level/mathematics-9709/2022-oct-nov/9709_w22_qp_53.pdf,Question Banks/Cambridge Curricula/Cambridge AS and A Level/Mathematics (9709)/Probability & Statistics 1/2022/Oct-Nov (Variant 3),9709_w22_qp_53.pdf,,http,,QPQuestion Paper 5 (v3),https://pastpapers.co/caie/a-level/mathematics-9709/2022-oct-nov/9709_w22_qp_12.pdf
https://pastpapers.co/caie/a-level/mathematics-9709/2022-oct-nov/9709_w22_qp_61.pdf,Question Banks/Cambridge Curricula/Cambridge AS and A Level/Mathematics (9709)/Probability & Statistics 2/2022/Oct-Nov (Variant 1),9709_w22_qp_61.pdf,,http,,QPQuestion Paper 6 (v1),https://pastpapers.co/caie/a-level/mathematics-9709/2022-oct-nov/9709_w22_qp_12.pdf
https://pastpapers.co/caie/a-level/mathematics-9709/2022-oct-nov/9709_w22_qp_62.pdf,Question Banks/Cambridge Curricula/Cambridge AS and A Level/Mathematics (9709)/Probability & Statistics 2/2022/Oct-Nov (Variant 2),9709_w22_qp_62.pdf,,http,,QPQuestion Paper 6 (v2),https://pastpapers.co/caie/a-level/mathematics-9709/2022-oct-nov/9709_w22_qp_12.pdf
https://pastpapers.co/caie/a-level/mathematics-9709/2022-oct-nov/9709_w22_qp_63.pdf,Question Banks/Cambridge Curricula/Cambridge AS and A Level/Mathematics (9709)/Probability & Statistics 2/2022/Oct-Nov (Variant 3),9709_w22_qp_63.pdf,,http,,QPQuestion Paper 6 (v3),https://pastpapers.co/caie/a-level/mathematics-9709/2022-oct-nov/9709_w22_qp_12.pdf
https://pastpapers.co/caie/a-level/mathematics-9709/2022-may-june/9709_s22_gt.pdf,Question Banks/Cambridge Curricula/Cambridge AS and A Level/Mathematics (9709)/Grade Thresholds/2022,9709_s22_gt.pdf,,http,,GTGrade Thresholds,https://pastpapers.co/caie/a-level/mathematics-9709/2022-may-june/9709_s22_qp_12.pdf
https://pastpapers.co/caie/a-level/mathematics-9709/2022-oct-nov/9709_w22_gt.pdf,Question Banks/Cambridge Curricula/Cambridge AS and A Level/Mathematics (9709)/Grade Thresholds/2022,9709_w22_gt.pdf,,http,,GTGrade Thresholds,https://pastpapers.co/caie/a-level/mathematics-9709/2022-oct-nov/9709_w22_qp_12.pdf
