url,folder,filename,target_path,mode,alt_urls,note
https://pastpapers.papacambridge.com/directories/CAIE/CAIE-pastpapers/upload/9093_w23_er.pdf,Question Banks/Cambridge Curricula/Cambridge AS and A Level/English 1st (9093)/Examiner Reports/2023,9093_w23_er.pdf,,http,,absent from pastpapers.co and dynamicpapers.com; subject+series+component checked in text before fetch
https://pastpapers.papacambridge.com/directories/CAIE/CAIE-pastpapers/upload/9702_w20_ci_31.pdf,Question Banks/Cambridge Curricula/Cambridge AS and A Level/Physics (9702)/AS Level/2020/Oct-Nov (Variant 1),9702_w20_ci_31.pdf,,http,,absent from pastpapers.co and dynamicpapers.com; subject+series+component checked in text before fetch
https://pastpapers.papacambridge.com/directories/CAIE/CAIE-pastpapers/upload/9702_w20_ci_33.pdf,Question Banks/Cambridge Curricula/Cambridge AS and A Level/Physics (9702)/AS Level/2020/Oct-Nov (Variant 3),9702_w20_ci_33.pdf,,http,,absent from pastpapers.co and dynamicpapers.com; subject+series+component checked in text before fetch
https://pastpapers.papacambridge.com/directories/CAIE/CAIE-pastpapers/upload/9702_w20_ci_34.pdf,Question Banks/Cambridge Curricula/Cambridge AS and A Level/Physics (9702)/AS Level/2020/Oct-Nov (Variant 4),9702_w20_ci_34.pdf,,http,,absent from pastpapers.co and dynamicpapers.com; subject+series+component checked in text before fetch
https://pastpapers.papacambridge.com/directories/CAIE/CAIE-pastpapers/upload/9702_w20_ci_35.pdf,Question Banks/Cambridge Curricula/Cambridge AS and A Level/Physics (9702)/AS Level/2020/Oct-Nov (Variant 5),9702_w20_ci_35.pdf,,http,,absent from pastpapers.co and dynamicpapers.com; subject+series+component checked in text before fetch
https://pastpapers.papacambridge.com/directories/CAIE/CAIE-pastpapers/upload/9702_w20_ci_36.pdf,Question Banks/Cambridge Curricula/Cambridge AS and A Level/Physics (9702)/AS Level/2020/Oct-Nov (Variant 6),9702_w20_ci_36.pdf,,http,,absent from pastpapers.co and dynamicpapers.com; subject+series+component checked in text before fetch
https://pastpapers.papacambridge.com/directories/CAIE/CAIE-pastpapers/upload/9702_w20_ms_34.pdf,Question Banks/Cambridge Curricula/Cambridge AS and A Level/Physics (9702)/AS Level/2020/Oct-Nov (Variant 4),9702_w20_ms_34.pdf,,http,,absent from pastpapers.co and dynamicpapers.com; subject+series+component checked in text before fetch
https://pastpapers.papacambridge.com/directories/CAIE/CAIE-pastpapers/upload/9702_w20_ms_35.pdf,Question Banks/Cambridge Curricula/Cambridge AS and A Level/Physics (9702)/AS Level/2020/Oct-Nov (Variant 5),9702_w20_ms_35.pdf,,http,,absent from pastpapers.co and dynamicpapers.com; subject+series+component checked in text before fetch
https://pastpapers.papacambridge.com/directories/CAIE/CAIE-pastpapers/upload/9702_w20_ms_36.pdf,Question Banks/Cambridge Curricula/Cambridge AS and A Level/Physics (9702)/AS Level/2020/Oct-Nov (Variant 6),9702_w20_ms_36.pdf,,http,,absent from pastpapers.co and dynamicpapers.com; subject+series+component checked in text before fetch
https://pastpapers.papacambridge.com/directories/CAIE/CAIE-pastpapers/upload/9702_w20_qp_34.pdf,Question Banks/Cambridge Curricula/Cambridge AS and A Level/Physics (9702)/AS Level/2020/Oct-Nov (Variant 4),9702_w20_qp_34.pdf,,http,,absent from pastpapers.co and dynamicpapers.com; subject+series+component checked in text before fetch
https://pastpapers.papacambridge.com/directories/CAIE/CAIE-pastpapers/upload/9702_w20_qp_35.pdf,Question Banks/Cambridge Curricula/Cambridge AS and A Level/Physics (9702)/AS Level/2020/Oct-Nov (Variant 5),9702_w20_qp_35.pdf,,http,,absent from pastpapers.co and dynamicpapers.com; subject+series+component checked in text before fetch
https://pastpapers.papacambridge.com/directories/CAIE/CAIE-pastpapers/upload/9702_w20_qp_36.pdf,Question Banks/Cambridge Curricula/Cambridge AS and A Level/Physics (9702)/AS Level/2020/Oct-Nov (Variant 6),9702_w20_qp_36.pdf,,http,,absent from pastpapers.co and dynamicpapers.com; subject+series+component checked in text before fetch
