path	bucket	signature	detail	bytes	pages	words
Question Banks/Cambridge Curricula/Cambridge AS and A Level/Computer Science (9618)/2022/May-June (Variant 1)/9618_s22_ms_31.pdf	C	ok		241197	11	1478
Question Banks/Cambridge Curricula/Cambridge AS and A Level/Computer Science (9618)/2022/May-June (Variant 3)/9618_s22_ms_13.pdf	C	ok		250989	10	1700
Question Banks/Cambridge Curricula/Cambridge AS and A Level/Computer Science (9618)/2023/May-June (Variant 3)/9618_s23_ms_33.pdf	C	ok		247114	10	1916
Question Banks/Cambridge Curricula/Cambridge AS and A Level/Computer Science (9618)/2024/May-June (Variant 2)/9618_s24_ms_32.pdf	C	ok		186290	14	1619
Question Banks/Cambridge Curricula/Cambridge AS and A Level/Computer Science (9618)/2024/Oct-Nov (Variant 2)/9618_w24_qp_22.pdf	C	ok		125256	24	1416
Question Banks/Cambridge Curricula/Cambridge AS and A Level/Computer Science (9618)/A Level/2021/May-June (Variant 1)/9618_s21_ms_31.pdf	C	ok		274029	10	1856
Question Banks/Cambridge Curricula/Cambridge AS and A Level/Computer Science (9618)/A Level/2021/May-June (Variant 1)/9618_s21_ms_41.pdf	C	ok		283199	30	1166
Question Banks/Cambridge Curricula/Cambridge AS and A Level/Computer Science (9618)/A Level/2021/May-June (Variant 1)/9618_s21_qp_31.pdf	C	ok		1022415	12	884
Question Banks/Cambridge Curricula/Cambridge AS and A Level/Computer Science (9618)/A Level/2021/May-June (Variant 1)/9618_s21_qp_41.pdf	C	ok		983724	12	1275
Question Banks/Cambridge Curricula/Cambridge AS and A Level/Computer Science (9618)/A Level/2021/May-June (Variant 1)/9618_s21_sf_41.zip	C	ok (zip)	5 members, CRC ok	175001	0	0
Question Banks/Cambridge Curricula/Cambridge AS and A Level/Computer Science (9618)/A Level/2021/May-June (Variant 2)/9618_s21_ms_32.pdf	C	ok		274041	10	1856
Question Banks/Cambridge Curricula/Cambridge AS and A Level/Computer Science (9618)/A Level/2021/May-June (Variant 2)/9618_s21_ms_42.pdf	C	ok		283195	30	1166
Question Banks/Cambridge Curricula/Cambridge AS and A Level/Computer Science (9618)/A Level/2021/May-June (Variant 2)/9618_s21_qp_32.pdf	C	ok		1022131	12	884
Question Banks/Cambridge Curricula/Cambridge AS and A Level/Computer Science (9618)/A Level/2021/May-June (Variant 2)/9618_s21_qp_42.pdf	C	ok		983645	12	1275
Question Banks/Cambridge Curricula/Cambridge AS and A Level/Computer Science (9618)/A Level/2021/May-June (Variant 2)/9618_s21_sf_42.zip	C	ok (zip)	5 members, CRC ok	174957	0	0
Question Banks/Cambridge Curricula/Cambridge AS and A Level/Computer Science (9618)/A Level/2021/May-June (Variant 3)/9618_s21_ms_33.pdf	C	ok		274032	10	1856
Question Banks/Cambridge Curricula/Cambridge AS and A Level/Computer Science (9618)/A Level/2021/May-June (Variant 3)/9618_s21_ms_43.pdf	C	ok		283201	30	1166
Question Banks/Cambridge Curricula/Cambridge AS and A Level/Computer Science (9618)/A Level/2021/May-June (Variant 3)/9618_s21_qp_33.pdf	C	ok		1021978	12	884
Question Banks/Cambridge Curricula/Cambridge AS and A Level/Computer Science (9618)/A Level/2021/May-June (Variant 3)/9618_s21_qp_43.pdf	C	ok		983660	12	1275
Question Banks/Cambridge Curricula/Cambridge AS and A Level/Computer Science (9618)/A Level/2021/May-June (Variant 3)/9618_s21_sf_43.zip	C	ok (zip)	5 members, CRC ok	174917	0	0
Question Banks/Cambridge Curricula/Cambridge AS and A Level/Computer Science (9618)/A Level/2021/Oct-Nov (Variant 1)/9618_w21_ms_31.pdf	C	ok		260281	10	1810
Question Banks/Cambridge Curricula/Cambridge AS and A Level/Computer Science (9618)/A Level/2021/Oct-Nov (Variant 1)/9618_w21_ms_41.pdf	C	ok		292934	23	1327
Question Banks/Cambridge Curricula/Cambridge AS and A Level/Computer Science (9618)/A Level/2021/Oct-Nov (Variant 1)/9618_w21_qp_31.pdf	C	ok		818535	16	811
Question Banks/Cambridge Curricula/Cambridge AS and A Level/Computer Science (9618)/A Level/2021/Oct-Nov (Variant 1)/9618_w21_qp_41.pdf	C	ok		2040371	12	1574
Question Banks/Cambridge Curricula/Cambridge AS and A Level/Computer Science (9618)/A Level/2021/Oct-Nov (Variant 1)/9618_w21_sf_41.zip	C	ok (zip)	5 members, CRC ok	172441	0	0
Question Banks/Cambridge Curricula/Cambridge AS and A Level/Computer Science (9618)/A Level/2021/Oct-Nov (Variant 2)/9618_w21_ms_32.pdf	C	ok		260293	10	1810
Question Banks/Cambridge Curricula/Cambridge AS and A Level/Computer Science (9618)/A Level/2021/Oct-Nov (Variant 2)/9618_w21_ms_42.pdf	C	ok		292927	23	1327
Question Banks/Cambridge Curricula/Cambridge AS and A Level/Computer Science (9618)/A Level/2021/Oct-Nov (Variant 2)/9618_w21_qp_32.pdf	C	ok		1061567	16	811
Question Banks/Cambridge Curricula/Cambridge AS and A Level/Computer Science (9618)/A Level/2021/Oct-Nov (Variant 2)/9618_w21_qp_42.pdf	C	ok		2054349	12	1574
Question Banks/Cambridge Curricula/Cambridge AS and A Level/Computer Science (9618)/A Level/2021/Oct-Nov (Variant 2)/9618_w21_sf_42.zip	C	ok (zip)	5 members, CRC ok	172395	0	0
Question Banks/Cambridge Curricula/Cambridge AS and A Level/Computer Science (9618)/A Level/2022/May-June (Variant 1)/9618_s22_ms_31.pdf	C	ok		241197	11	1478
Question Banks/Cambridge Curricula/Cambridge AS and A Level/Computer Science (9618)/A Level/2022/May-June (Variant 1)/9618_s22_ms_41.pdf	C	ok		308797	34	1028
Question Banks/Cambridge Curricula/Cambridge AS and A Level/Computer Science (9618)/A Level/2022/May-June (Variant 1)/9618_s22_qp_31.pdf	C	ok		998106	16	822
Question Banks/Cambridge Curricula/Cambridge AS and A Level/Computer Science (9618)/A Level/2022/May-June (Variant 1)/9618_s22_qp_41.pdf	C	ok		1012889	12	1579
Question Banks/Cambridge Curricula/Cambridge AS and A Level/Computer Science (9618)/A Level/2022/May-June (Variant 1)/9618_s22_sf_41.zip	C	ok (zip)	4 members, CRC ok	174510	0	0
Question Banks/Cambridge Curricula/Cambridge AS and A Level/Computer Science (9618)/A Level/2022/May-June (Variant 2)/9618_s22_ms_32.pdf	C	ok		236114	9	1338
Question Banks/Cambridge Curricula/Cambridge AS and A Level/Computer Science (9618)/A Level/2022/May-June (Variant 2)/9618_s22_ms_42.pdf	C	ok		374216	36	1011
Question Banks/Cambridge Curricula/Cambridge AS and A Level/Computer Science (9618)/A Level/2022/May-June (Variant 2)/9618_s22_qp_32.pdf	C	ok		1031284	12	931
Question Banks/Cambridge Curricula/Cambridge AS and A Level/Computer Science (9618)/A Level/2022/May-June (Variant 2)/9618_s22_qp_42.pdf	C	ok		726695	12	1756
Question Banks/Cambridge Curricula/Cambridge AS and A Level/Computer Science (9618)/A Level/2022/May-June (Variant 2)/9618_s22_sf_42.zip	C	ok (zip)	4 members, CRC ok	174101	0	0
Question Banks/Cambridge Curricula/Cambridge AS and A Level/Computer Science (9618)/A Level/2022/May-June (Variant 3)/9618_s22_ms_33.pdf	C	ok		241210	11	1478
Question Banks/Cambridge Curricula/Cambridge AS and A Level/Computer Science (9618)/A Level/2022/May-June (Variant 3)/9618_s22_ms_43.pdf	C	ok		308841	34	1028
Question Banks/Cambridge Curricula/Cambridge AS and A Level/Computer Science (9618)/A Level/2022/May-June (Variant 3)/9618_s22_qp_33.pdf	C	ok		1011312	16	822
Question Banks/Cambridge Curricula/Cambridge AS and A Level/Computer Science (9618)/A Level/2022/May-June (Variant 3)/9618_s22_qp_43.pdf	C	ok		999403	12	1579
Question Banks/Cambridge Curricula/Cambridge AS and A Level/Computer Science (9618)/A Level/2022/May-June (Variant 3)/9618_s22_sf_43.zip	C	ok (zip)	4 members, CRC ok	174669	0	0
Question Banks/Cambridge Curricula/Cambridge AS and A Level/Computer Science (9618)/A Level/2022/Oct-Nov (Variant 1)/9618_w22_ms_31.pdf	C	ok		406489	15	1307
Question Banks/Cambridge Curricula/Cambridge AS and A Level/Computer Science (9618)/A Level/2022/Oct-Nov (Variant 1)/9618_w22_ms_41.pdf	C	ok		347235	23	1546
Question Banks/Cambridge Curricula/Cambridge AS and A Level/Computer Science (9618)/A Level/2022/Oct-Nov (Variant 1)/9618_w22_qp_31.pdf	C	ok		1026020	12	940
Question Banks/Cambridge Curricula/Cambridge AS and A Level/Computer Science (9618)/A Level/2022/Oct-Nov (Variant 1)/9618_w22_qp_41.pdf	C	ok		1001000	12	1579
Question Banks/Cambridge Curricula/Cambridge AS and A Level/Computer Science (9618)/A Level/2022/Oct-Nov (Variant 1)/9618_w22_sf_41.zip	C	ok (zip)	3 members, CRC ok	195426	0	0
Question Banks/Cambridge Curricula/Cambridge AS and A Level/Computer Science (9618)/A Level/2022/Oct-Nov (Variant 2)/9618_w22_ms_32.pdf	C	ok		304464	16	1347
Question Banks/Cambridge Curricula/Cambridge AS and A Level/Computer Science (9618)/A Level/2022/Oct-Nov (Variant 2)/9618_w22_ms_42.pdf	C	ok		323851	24	1266
Question Banks/Cambridge Curricula/Cambridge AS and A Level/Computer Science (9618)/A Level/2022/Oct-Nov (Variant 2)/9618_w22_qp_32.pdf	C	ok		1018019	12	826
Question Banks/Cambridge Curricula/Cambridge AS and A Level/Computer Science (9618)/A Level/2022/Oct-Nov (Variant 2)/9618_w22_qp_42.pdf	C	ok		996034	12	1712
Question Banks/Cambridge Curricula/Cambridge AS and A Level/Computer Science (9618)/A Level/2022/Oct-Nov (Variant 2)/9618_w22_sf_42.zip	C	ok (zip)	3 members, CRC ok	195788	0	0
Question Banks/Cambridge Curricula/Cambridge AS and A Level/Computer Science (9618)/A Level/2022/Oct-Nov (Variant 3)/9618_w22_ms_33.pdf	C	ok		406500	15	1307
Question Banks/Cambridge Curricula/Cambridge AS and A Level/Computer Science (9618)/A Level/2022/Oct-Nov (Variant 3)/9618_w22_ms_43.pdf	C	ok		347261	23	1546
Question Banks/Cambridge Curricula/Cambridge AS and A Level/Computer Science (9618)/A Level/2022/Oct-Nov (Variant 3)/9618_w22_qp_33.pdf	C	ok		1026026	12	940
Question Banks/Cambridge Curricula/Cambridge AS and A Level/Computer Science (9618)/A Level/2022/Oct-Nov (Variant 3)/9618_w22_qp_43.pdf	C	ok		998217	12	1579
Question Banks/Cambridge Curricula/Cambridge AS and A Level/Computer Science (9618)/A Level/2022/Oct-Nov (Variant 3)/9618_w22_sf_43.zip	C	ok (zip)	3 members, CRC ok	195490	0	0
Question Banks/Cambridge Curricula/Cambridge AS and A Level/Computer Science (9618)/A Level/2023/May-June (Variant 1)/9618_s23_ms_31.pdf	C	ok		247116	10	1916
Question Banks/Cambridge Curricula/Cambridge AS and A Level/Computer Science (9618)/A Level/2023/May-June (Variant 1)/9618_s23_ms_41.pdf	C	ok		294234	38	948
Question Banks/Cambridge Curricula/Cambridge AS and A Level/Computer Science (9618)/A Level/2023/May-June (Variant 1)/9618_s23_qp_31.pdf	C	ok		2173438	12	902
Question Banks/Cambridge Curricula/Cambridge AS and A Level/Computer Science (9618)/A Level/2023/May-June (Variant 1)/9618_s23_qp_41.pdf	C	ok		722477	12	1670
Question Banks/Cambridge Curricula/Cambridge AS and A Level/Computer Science (9618)/A Level/2023/May-June (Variant 1)/9618_s23_sf_41.zip	C	ok (zip)	4 members, CRC ok	12657	0	0
Question Banks/Cambridge Curricula/Cambridge AS and A Level/Computer Science (9618)/A Level/2023/May-June (Variant 2)/9618_s23_ms_32.pdf	C	ok		293005	12	2071
Question Banks/Cambridge Curricula/Cambridge AS and A Level/Computer Science (9618)/A Level/2023/May-June (Variant 2)/9618_s23_ms_42.pdf	C	ok		319524	37	1028
Question Banks/Cambridge Curricula/Cambridge AS and A Level/Computer Science (9618)/A Level/2023/May-June (Variant 2)/9618_s23_qp_32.pdf	C	ok		2280810	16	847
Question Banks/Cambridge Curricula/Cambridge AS and A Level/Computer Science (9618)/A Level/2023/May-June (Variant 2)/9618_s23_qp_42.pdf	C	ok		724696	12	1445
Question Banks/Cambridge Curricula/Cambridge AS and A Level/Computer Science (9618)/A Level/2023/May-June (Variant 2)/9618_s23_sf_42.zip	C	ok (zip)	3 members, CRC ok	11831	0	0
Question Banks/Cambridge Curricula/Cambridge AS and A Level/Computer Science (9618)/A Level/2023/May-June (Variant 3)/9618_s23_ms_33.pdf	C	ok		247114	10	1916
Question Banks/Cambridge Curricula/Cambridge AS and A Level/Computer Science (9618)/A Level/2023/May-June (Variant 3)/9618_s23_ms_43.pdf	C	ok		294232	38	948
Question Banks/Cambridge Curricula/Cambridge AS and A Level/Computer Science (9618)/A Level/2023/May-June (Variant 3)/9618_s23_qp_33.pdf	C	ok		760035	12	902
Question Banks/Cambridge Curricula/Cambridge AS and A Level/Computer Science (9618)/A Level/2023/May-June (Variant 3)/9618_s23_qp_43.pdf	C	ok		708776	12	1670
Question Banks/Cambridge Curricula/Cambridge AS and A Level/Computer Science (9618)/A Level/2023/May-June (Variant 3)/9618_s23_sf_43.zip	C	ok (zip)	4 members, CRC ok	12761	0	0
Question Banks/Cambridge Curricula/Cambridge AS and A Level/Computer Science (9618)/A Level/2023/Oct-Nov (Variant 1)/9618_w23_ms_31.pdf	C	ok		332603	9	1972
Question Banks/Cambridge Curricula/Cambridge AS and A Level/Computer Science (9618)/A Level/2023/Oct-Nov (Variant 1)/9618_w23_ms_41.pdf	C	ok		343043	37	1151
Question Banks/Cambridge Curricula/Cambridge AS and A Level/Computer Science (9618)/A Level/2023/Oct-Nov (Variant 1)/9618_w23_qp_31.pdf	C	ok		743644	16	787
Question Banks/Cambridge Curricula/Cambridge AS and A Level/Computer Science (9618)/A Level/2023/Oct-Nov (Variant 1)/9618_w23_qp_41.pdf	C	ok		723088	12	1628
Question Banks/Cambridge Curricula/Cambridge AS and A Level/Computer Science (9618)/A Level/2023/Oct-Nov (Variant 1)/9618_w23_sf_41.zip	C	ok (zip)	2 members, CRC ok	12629	0	0
Question Banks/Cambridge Curricula/Cambridge AS and A Level/Computer Science (9618)/A Level/2023/Oct-Nov (Variant 2)/9618_w23_ms_32.pdf	C	ok		286164	9	2030
Question Banks/Cambridge Curricula/Cambridge AS and A Level/Computer Science (9618)/A Level/2023/Oct-Nov (Variant 2)/9618_w23_ms_42.pdf	C	ok		355460	34	1070
Question Banks/Cambridge Curricula/Cambridge AS and A Level/Computer Science (9618)/A Level/2023/Oct-Nov (Variant 2)/9618_w23_qp_32.pdf	C	ok		757349	16	825
Question Banks/Cambridge Curricula/Cambridge AS and A Level/Computer Science (9618)/A Level/2023/Oct-Nov (Variant 2)/9618_w23_qp_42.pdf	C	ok		721106	16	1314
Question Banks/Cambridge Curricula/Cambridge AS and A Level/Computer Science (9618)/A Level/2023/Oct-Nov (Variant 2)/9618_w23_sf_42.zip	C	ok (zip)	2 members, CRC ok	12745	0	0
Question Banks/Cambridge Curricula/Cambridge AS and A Level/Computer Science (9618)/A Level/2023/Oct-Nov (Variant 3)/9618_w23_ms_33.pdf	C	ok		332605	9	1972
Question Banks/Cambridge Curricula/Cambridge AS and A Level/Computer Science (9618)/A Level/2023/Oct-Nov (Variant 3)/9618_w23_ms_43.pdf	C	ok		343087	37	1151
Question Banks/Cambridge Curricula/Cambridge AS and A Level/Computer Science (9618)/A Level/2023/Oct-Nov (Variant 3)/9618_w23_qp_33.pdf	C	ok		2217985	16	787
Question Banks/Cambridge Curricula/Cambridge AS and A Level/Computer Science (9618)/A Level/2023/Oct-Nov (Variant 3)/9618_w23_qp_43.pdf	C	ok		723231	12	1628
Question Banks/Cambridge Curricula/Cambridge AS and A Level/Computer Science (9618)/A Level/2023/Oct-Nov (Variant 3)/9618_w23_sf_43.zip	C	ok (zip)	2 members, CRC ok	12745	0	0
Question Banks/Cambridge Curricula/Cambridge AS and A Level/Computer Science (9618)/A Level/2024/May-June (Variant 1)/9618_s24_ms_31.pdf	C	ok		205695	14	1346
Question Banks/Cambridge Curricula/Cambridge AS and A Level/Computer Science (9618)/A Level/2024/May-June (Variant 1)/9618_s24_ms_41.pdf	C	ok		301601	38	1117
Question Banks/Cambridge Curricula/Cambridge AS and A Level/Computer Science (9618)/A Level/2024/May-June (Variant 1)/9618_s24_qp_31.pdf	C	ok		835705	12	904
Question Banks/Cambridge Curricula/Cambridge AS and A Level/Computer Science (9618)/A Level/2024/May-June (Variant 1)/9618_s24_qp_41.pdf	C	ok		797925	16	1458
Question Banks/Cambridge Curricula/Cambridge AS and A Level/Computer Science (9618)/A Level/2024/May-June (Variant 1)/9618_s24_sf_41.zip	C	ok (zip)	2 members, CRC ok	12836	0	0
Question Banks/Cambridge Curricula/Cambridge AS and A Level/Computer Science (9618)/A Level/2024/May-June (Variant 2)/9618_s24_ms_32.pdf	C	ok		186290	14	1619
Question Banks/Cambridge Curricula/Cambridge AS and A Level/Computer Science (9618)/A Level/2024/May-June (Variant 2)/9618_s24_ms_42.pdf	C	ok		276180	50	1196
Question Banks/Cambridge Curricula/Cambridge AS and A Level/Computer Science (9618)/A Level/2024/May-June (Variant 2)/9618_s24_qp_32.pdf	C	ok		2100919	12	755
Question Banks/Cambridge Curricula/Cambridge AS and A Level/Computer Science (9618)/A Level/2024/May-June (Variant 2)/9618_s24_qp_42.pdf	C	ok		814716	16	1533
Question Banks/Cambridge Curricula/Cambridge AS and A Level/Computer Science (9618)/A Level/2024/May-June (Variant 2)/9618_s24_sf_42.zip	C	ok (zip)	4 members, CRC ok	13017	0	0
Question Banks/Cambridge Curricula/Cambridge AS and A Level/Computer Science (9618)/A Level/2024/May-June (Variant 3)/9618_s24_ms_33.pdf	C	ok		205693	14	1346
Question Banks/Cambridge Curricula/Cambridge AS and A Level/Computer Science (9618)/A Level/2024/May-June (Variant 3)/9618_s24_ms_43.pdf	C	ok		301604	38	1117
Question Banks/Cambridge Curricula/Cambridge AS and A Level/Computer Science (9618)/A Level/2024/May-June (Variant 3)/9618_s24_qp_33.pdf	C	ok		128575	12	1192
Question Banks/Cambridge Curricula/Cambridge AS and A Level/Computer Science (9618)/A Level/2024/May-June (Variant 3)/9618_s24_qp_43.pdf	C	ok		797980	16	1458
Question Banks/Cambridge Curricula/Cambridge AS and A Level/Computer Science (9618)/A Level/2024/May-June (Variant 3)/9618_s24_sf_43.zip	C	ok (zip)	2 members, CRC ok	12753	0	0
Question Banks/Cambridge Curricula/Cambridge AS and A Level/Computer Science (9618)/A Level/2024/Oct-Nov (Variant 1)/9618_w24_ms_31.pdf	C	ok		337779	17	1518
Question Banks/Cambridge Curricula/Cambridge AS and A Level/Computer Science (9618)/A Level/2024/Oct-Nov (Variant 1)/9618_w24_ms_41.pdf	C	ok		527464	37	1161
Question Banks/Cambridge Curricula/Cambridge AS and A Level/Computer Science (9618)/A Level/2024/Oct-Nov (Variant 1)/9618_w24_qp_31.pdf	C	ok		116829	16	1042
Question Banks/Cambridge Curricula/Cambridge AS and A Level/Computer Science (9618)/A Level/2024/Oct-Nov (Variant 1)/9618_w24_qp_41.pdf	C	ok		2607937	16	1465
Question Banks/Cambridge Curricula/Cambridge AS and A Level/Computer Science (9618)/A Level/2024/Oct-Nov (Variant 1)/9618_w24_sf_41.zip	C	ok (zip)	3 members, CRC ok	13855	0	0
Question Banks/Cambridge Curricula/Cambridge AS and A Level/Computer Science (9618)/A Level/2024/Oct-Nov (Variant 2)/9618_w24_ms_32.pdf	C	ok		333330	15	1587
Question Banks/Cambridge Curricula/Cambridge AS and A Level/Computer Science (9618)/A Level/2024/Oct-Nov (Variant 2)/9618_w24_ms_42.pdf	C	ok		531323	39	1195
Question Banks/Cambridge Curricula/Cambridge AS and A Level/Computer Science (9618)/A Level/2024/Oct-Nov (Variant 2)/9618_w24_qp_32.pdf	C	ok		114908	16	1002
Question Banks/Cambridge Curricula/Cambridge AS and A Level/Computer Science (9618)/A Level/2024/Oct-Nov (Variant 2)/9618_w24_qp_42.pdf	C	ok		2652498	16	1608
Question Banks/Cambridge Curricula/Cambridge AS and A Level/Computer Science (9618)/A Level/2024/Oct-Nov (Variant 2)/9618_w24_sf_42.zip	C	ok (zip)	2 members, CRC ok	13007	0	0
Question Banks/Cambridge Curricula/Cambridge AS and A Level/Computer Science (9618)/A Level/2024/Oct-Nov (Variant 3)/9618_w24_ms_33.pdf	C	ok		337755	17	1518
Question Banks/Cambridge Curricula/Cambridge AS and A Level/Computer Science (9618)/A Level/2024/Oct-Nov (Variant 3)/9618_w24_ms_43.pdf	C	ok		527438	37	1161
Question Banks/Cambridge Curricula/Cambridge AS and A Level/Computer Science (9618)/A Level/2024/Oct-Nov (Variant 3)/9618_w24_qp_33.pdf	C	ok		117245	16	1042
Question Banks/Cambridge Curricula/Cambridge AS and A Level/Computer Science (9618)/A Level/2024/Oct-Nov (Variant 3)/9618_w24_qp_43.pdf	C	ok		2607824	16	1465
Question Banks/Cambridge Curricula/Cambridge AS and A Level/Computer Science (9618)/A Level/2024/Oct-Nov (Variant 3)/9618_w24_sf_43.zip	C	ok (zip)	3 members, CRC ok	13887	0	0
Question Banks/Cambridge Curricula/Cambridge AS and A Level/Computer Science (9618)/A Level/2025/May-June (Variant 1)/9618_s25_ms_31.pdf	C	ok		345894	15	1411
Question Banks/Cambridge Curricula/Cambridge AS and A Level/Computer Science (9618)/A Level/2025/May-June (Variant 1)/9618_s25_ms_41.pdf	C	ok		501557	43	1182
Question Banks/Cambridge Curricula/Cambridge AS and A Level/Computer Science (9618)/A Level/2025/May-June (Variant 1)/9618_s25_qp_31.pdf	C	ok		121168	16	1142
Question Banks/Cambridge Curricula/Cambridge AS and A Level/Computer Science (9618)/A Level/2025/May-June (Variant 1)/9618_s25_qp_41.pdf	C	ok		2225966	12	1913
Question Banks/Cambridge Curricula/Cambridge AS and A Level/Computer Science (9618)/A Level/2025/May-June (Variant 1)/9618_s25_sf_41.zip	C	ok (zip)	8 members, CRC ok	11990	0	0
Question Banks/Cambridge Curricula/Cambridge AS and A Level/Computer Science (9618)/A Level/2025/May-June (Variant 2)/9618_s25_ms_32.pdf	C	ok		360819	12	2022
Question Banks/Cambridge Curricula/Cambridge AS and A Level/Computer Science (9618)/A Level/2025/May-June (Variant 2)/9618_s25_ms_42.pdf	C	ok		476273	45	1233
Question Banks/Cambridge Curricula/Cambridge AS and A Level/Computer Science (9618)/A Level/2025/May-June (Variant 2)/9618_s25_qp_32.pdf	C	ok		118603	16	1163
Question Banks/Cambridge Curricula/Cambridge AS and A Level/Computer Science (9618)/A Level/2025/May-June (Variant 2)/9618_s25_qp_42.pdf	C	ok		2440637	12	1598
Question Banks/Cambridge Curricula/Cambridge AS and A Level/Computer Science (9618)/A Level/2025/May-June (Variant 2)/9618_s25_sf_42.zip	C	ok (zip)	4 members, CRC ok	14014	0	0
Question Banks/Cambridge Curricula/Cambridge AS and A Level/Computer Science (9618)/A Level/2025/May-June (Variant 3)/9618_s25_ms_33.pdf	C	ok		372943	16	1263
Question Banks/Cambridge Curricula/Cambridge AS and A Level/Computer Science (9618)/A Level/2025/May-June (Variant 3)/9618_s25_ms_43.pdf	C	ok		481773	45	1181
Question Banks/Cambridge Curricula/Cambridge AS and A Level/Computer Science (9618)/A Level/2025/May-June (Variant 3)/9618_s25_qp_33.pdf	C	ok		125001	16	1106
Question Banks/Cambridge Curricula/Cambridge AS and A Level/Computer Science (9618)/A Level/2025/May-June (Variant 3)/9618_s25_qp_43.pdf	C	ok		1039210	12	1723
Question Banks/Cambridge Curricula/Cambridge AS and A Level/Computer Science (9618)/A Level/2025/May-June (Variant 3)/9618_s25_sf_43.zip	C	ok (zip)	2 members, CRC ok	11552	0	0
Question Banks/Cambridge Curricula/Cambridge AS and A Level/Computer Science (9618)/A Level/2025/Oct-Nov (Variant 1)/9618_w25_ms_31.pdf	C	ok		367693	15	1341
Question Banks/Cambridge Curricula/Cambridge AS and A Level/Computer Science (9618)/A Level/2025/Oct-Nov (Variant 1)/9618_w25_ms_41.pdf	C	ok		432938	36	1272
Question Banks/Cambridge Curricula/Cambridge AS and A Level/Computer Science (9618)/A Level/2025/Oct-Nov (Variant 1)/9618_w25_qp_31.pdf	C	ok		112612	12	1189
Question Banks/Cambridge Curricula/Cambridge AS and A Level/Computer Science (9618)/A Level/2025/Oct-Nov (Variant 1)/9618_w25_qp_41.pdf	C	ok		2329213	12	1484
Question Banks/Cambridge Curricula/Cambridge AS and A Level/Computer Science (9618)/A Level/2025/Oct-Nov (Variant 1)/9618_w25_sf_41.zip	C	ok (zip)	2 members, CRC ok	13352	0	0
Question Banks/Cambridge Curricula/Cambridge AS and A Level/Computer Science (9618)/A Level/2025/Oct-Nov (Variant 2)/9618_w25_ms_32.pdf	C	ok		366756	17	1338
Question Banks/Cambridge Curricula/Cambridge AS and A Level/Computer Science (9618)/A Level/2025/Oct-Nov (Variant 2)/9618_w25_ms_42.pdf	C	ok		545678	38	1333
Question Banks/Cambridge Curricula/Cambridge AS and A Level/Computer Science (9618)/A Level/2025/Oct-Nov (Variant 2)/9618_w25_qp_32.pdf	C	ok		117130	16	1214
Question Banks/Cambridge Curricula/Cambridge AS and A Level/Computer Science (9618)/A Level/2025/Oct-Nov (Variant 2)/9618_w25_qp_42.pdf	C	ok		2184449	12	1549
Question Banks/Cambridge Curricula/Cambridge AS and A Level/Computer Science (9618)/A Level/2025/Oct-Nov (Variant 2)/9618_w25_sf_42.zip	C	ok (zip)	2 members, CRC ok	11532	0	0
Question Banks/Cambridge Curricula/Cambridge AS and A Level/Computer Science (9618)/A Level/2025/Oct-Nov (Variant 3)/9618_w25_ms_33.pdf	C	ok		325356	16	1435
Question Banks/Cambridge Curricula/Cambridge AS and A Level/Computer Science (9618)/A Level/2025/Oct-Nov (Variant 3)/9618_w25_ms_43.pdf	C	ok		544094	39	1226
Question Banks/Cambridge Curricula/Cambridge AS and A Level/Computer Science (9618)/A Level/2025/Oct-Nov (Variant 3)/9618_w25_qp_33.pdf	C	ok		107035	12	1225
Question Banks/Cambridge Curricula/Cambridge AS and A Level/Computer Science (9618)/A Level/2025/Oct-Nov (Variant 3)/9618_w25_qp_43.pdf	C	ok		1055951	16	1472
Question Banks/Cambridge Curricula/Cambridge AS and A Level/Computer Science (9618)/A Level/2025/Oct-Nov (Variant 3)/9618_w25_sf_43.zip	C	ok (zip)	2 members, CRC ok	12081	0	0
Question Banks/Cambridge Curricula/Cambridge AS and A Level/Computer Science (9618)/AS Level/2021/May-June (Variant 1)/9618_s21_in_21.pdf	C	ok		938824	4	891
Question Banks/Cambridge Curricula/Cambridge AS and A Level/Computer Science (9618)/AS Level/2021/May-June (Variant 1)/9618_s21_ms_11.pdf	C	ok		278803	10	1630
Question Banks/Cambridge Curricula/Cambridge AS and A Level/Computer Science (9618)/AS Level/2021/May-June (Variant 1)/9618_s21_ms_21.pdf	C	ok		703615	16	1259
Question Banks/Cambridge Curricula/Cambridge AS and A Level/Computer Science (9618)/AS Level/2021/May-June (Variant 1)/9618_s21_qp_11.pdf	C	ok		990761	16	1086
Question Banks/Cambridge Curricula/Cambridge AS and A Level/Computer Science (9618)/AS Level/2021/May-June (Variant 1)/9618_s21_qp_21.pdf	C	ok		1009154	24	852
Question Banks/Cambridge Curricula/Cambridge AS and A Level/Computer Science (9618)/AS Level/2021/May-June (Variant 2)/9618_s21_in_22.pdf	C	ok		1326571	4	891
Question Banks/Cambridge Curricula/Cambridge AS and A Level/Computer Science (9618)/AS Level/2021/May-June (Variant 2)/9618_s21_ms_12.pdf	C	ok		288408	10	1606
Question Banks/Cambridge Curricula/Cambridge AS and A Level/Computer Science (9618)/AS Level/2021/May-June (Variant 2)/9618_s21_ms_22.pdf	C	ok		307282	10	1686
Question Banks/Cambridge Curricula/Cambridge AS and A Level/Computer Science (9618)/AS Level/2021/May-June (Variant 2)/9618_s21_qp_12.pdf	C	ok		1006768	16	1234
Question Banks/Cambridge Curricula/Cambridge AS and A Level/Computer Science (9618)/AS Level/2021/May-June (Variant 2)/9618_s21_qp_22.pdf	C	ok		2480433	16	988
Question Banks/Cambridge Curricula/Cambridge AS and A Level/Computer Science (9618)/AS Level/2021/May-June (Variant 3)/9618_s21_in_23.pdf	C	ok		952603	4	891
Question Banks/Cambridge Curricula/Cambridge AS and A Level/Computer Science (9618)/AS Level/2021/May-June (Variant 3)/9618_s21_ms_13.pdf	C	ok		278794	10	1630
Question Banks/Cambridge Curricula/Cambridge AS and A Level/Computer Science (9618)/AS Level/2021/May-June (Variant 3)/9618_s21_ms_23.pdf	C	ok		703621	16	1259
Question Banks/Cambridge Curricula/Cambridge AS and A Level/Computer Science (9618)/AS Level/2021/May-June (Variant 3)/9618_s21_qp_13.pdf	C	ok		991092	16	1086
Question Banks/Cambridge Curricula/Cambridge AS and A Level/Computer Science (9618)/AS Level/2021/May-June (Variant 3)/9618_s21_qp_23.pdf	C	ok		1009183	24	852
Question Banks/Cambridge Curricula/Cambridge AS and A Level/Computer Science (9618)/AS Level/2021/Oct-Nov (Variant 1)/9618_w21_in_21.pdf	C	ok		941738	4	764
Question Banks/Cambridge Curricula/Cambridge AS and A Level/Computer Science (9618)/AS Level/2021/Oct-Nov (Variant 1)/9618_w21_ms_11.pdf	C	ok		250520	9	1810
Question Banks/Cambridge Curricula/Cambridge AS and A Level/Computer Science (9618)/AS Level/2021/Oct-Nov (Variant 1)/9618_w21_ms_21.pdf	C	ok		358445	11	1590
Question Banks/Cambridge Curricula/Cambridge AS and A Level/Computer Science (9618)/AS Level/2021/Oct-Nov (Variant 1)/9618_w21_qp_11.pdf	C	ok		986709	16	930
Question Banks/Cambridge Curricula/Cambridge AS and A Level/Computer Science (9618)/AS Level/2021/Oct-Nov (Variant 1)/9618_w21_qp_21.pdf	C	ok		1050025	20	789
Question Banks/Cambridge Curricula/Cambridge AS and A Level/Computer Science (9618)/AS Level/2021/Oct-Nov (Variant 2)/9618_w21_in_22.pdf	C	ok		941324	4	764
Question Banks/Cambridge Curricula/Cambridge AS and A Level/Computer Science (9618)/AS Level/2021/Oct-Nov (Variant 2)/9618_w21_ms_12.pdf	C	ok		252781	10	1685
Question Banks/Cambridge Curricula/Cambridge AS and A Level/Computer Science (9618)/AS Level/2021/Oct-Nov (Variant 2)/9618_w21_ms_22.pdf	C	ok		490876	10	1525
Question Banks/Cambridge Curricula/Cambridge AS and A Level/Computer Science (9618)/AS Level/2021/Oct-Nov (Variant 2)/9618_w21_qp_12.pdf	C	ok		1001449	16	681
Question Banks/Cambridge Curricula/Cambridge AS and A Level/Computer Science (9618)/AS Level/2021/Oct-Nov (Variant 2)/9618_w21_qp_22.pdf	C	ok		1007614	20	813
Question Banks/Cambridge Curricula/Cambridge AS and A Level/Computer Science (9618)/AS Level/2021/Oct-Nov (Variant 3)/9618_w21_in_23.pdf	C	ok		941620	4	764
Question Banks/Cambridge Curricula/Cambridge AS and A Level/Computer Science (9618)/AS Level/2021/Oct-Nov (Variant 3)/9618_w21_ms_13.pdf	C	ok		250516	9	1810
Question Banks/Cambridge Curricula/Cambridge AS and A Level/Computer Science (9618)/AS Level/2021/Oct-Nov (Variant 3)/9618_w21_ms_23.pdf	C	ok		358446	11	1590
Question Banks/Cambridge Curricula/Cambridge AS and A Level/Computer Science (9618)/AS Level/2021/Oct-Nov (Variant 3)/9618_w21_qp_13.pdf	C	ok		985816	16	930
Question Banks/Cambridge Curricula/Cambridge AS and A Level/Computer Science (9618)/AS Level/2021/Oct-Nov (Variant 3)/9618_w21_qp_23.pdf	C	ok		1063775	20	789
Question Banks/Cambridge Curricula/Cambridge AS and A Level/Computer Science (9618)/AS Level/2022/May-June (Variant 1)/9618_s22_in_21.pdf	C	ok		931389	4	1003
Question Banks/Cambridge Curricula/Cambridge AS and A Level/Computer Science (9618)/AS Level/2022/May-June (Variant 1)/9618_s22_ms_11.pdf	C	ok		211664	8	1947
Question Banks/Cambridge Curricula/Cambridge AS and A Level/Computer Science (9618)/AS Level/2022/May-June (Variant 1)/9618_s22_ms_21.pdf	C	ok		267807	12	1438
Question Banks/Cambridge Curricula/Cambridge AS and A Level/Computer Science (9618)/AS Level/2022/May-June (Variant 1)/9618_s22_qp_11.pdf	C	ok		1008330	16	749
Question Banks/Cambridge Curricula/Cambridge AS and A Level/Computer Science (9618)/AS Level/2022/May-June (Variant 1)/9618_s22_qp_21.pdf	C	ok		1041058	20	848
Question Banks/Cambridge Curricula/Cambridge AS and A Level/Computer Science (9618)/AS Level/2022/May-June (Variant 2)/9618_s22_in_22.pdf	C	ok		931460	4	1003
Question Banks/Cambridge Curricula/Cambridge AS and A Level/Computer Science (9618)/AS Level/2022/May-June (Variant 2)/9618_s22_ms_12.pdf	C	ok		256096	9	1760
Question Banks/Cambridge Curricula/Cambridge AS and A Level/Computer Science (9618)/AS Level/2022/May-June (Variant 2)/9618_s22_ms_22.pdf	C	ok		292760	14	1388
Question Banks/Cambridge Curricula/Cambridge AS and A Level/Computer Science (9618)/AS Level/2022/May-June (Variant 2)/9618_s22_qp_12.pdf	C	ok		2314283	16	1189
Question Banks/Cambridge Curricula/Cambridge AS and A Level/Computer Science (9618)/AS Level/2022/May-June (Variant 2)/9618_s22_qp_22.pdf	C	ok		2864394	20	1022
Question Banks/Cambridge Curricula/Cambridge AS and A Level/Computer Science (9618)/AS Level/2022/May-June (Variant 3)/9618_s22_in_23.pdf	C	ok		912057	4	1003
Question Banks/Cambridge Curricula/Cambridge AS and A Level/Computer Science (9618)/AS Level/2022/May-June (Variant 3)/9618_s22_ms_13.pdf	C	ok		250989	10	1700
Question Banks/Cambridge Curricula/Cambridge AS and A Level/Computer Science (9618)/AS Level/2022/May-June (Variant 3)/9618_s22_ms_23.pdf	C	ok		294797	11	1620
Question Banks/Cambridge Curricula/Cambridge AS and A Level/Computer Science (9618)/AS Level/2022/May-June (Variant 3)/9618_s22_qp_13.pdf	C	ok		1023389	16	754
Question Banks/Cambridge Curricula/Cambridge AS and A Level/Computer Science (9618)/AS Level/2022/May-June (Variant 3)/9618_s22_qp_23.pdf	C	ok		1119002	20	1000
Question Banks/Cambridge Curricula/Cambridge AS and A Level/Computer Science (9618)/AS Level/2022/Oct-Nov (Variant 1)/9618_w22_in_21.pdf	C	ok		958337	4	1000
Question Banks/Cambridge Curricula/Cambridge AS and A Level/Computer Science (9618)/AS Level/2022/Oct-Nov (Variant 1)/9618_w22_ms_11.pdf	C	ok		330009	11	1497
Question Banks/Cambridge Curricula/Cambridge AS and A Level/Computer Science (9618)/AS Level/2022/Oct-Nov (Variant 1)/9618_w22_ms_21.pdf	C	ok		285188	10	1725
Question Banks/Cambridge Curricula/Cambridge AS and A Level/Computer Science (9618)/AS Level/2022/Oct-Nov (Variant 1)/9618_w22_qp_11.pdf	C	ok		1032777	20	777
Question Banks/Cambridge Curricula/Cambridge AS and A Level/Computer Science (9618)/AS Level/2022/Oct-Nov (Variant 1)/9618_w22_qp_21.pdf	C	ok		1026035	20	974
Question Banks/Cambridge Curricula/Cambridge AS and A Level/Computer Science (9618)/AS Level/2022/Oct-Nov (Variant 2)/9618_w22_in_22.pdf	C	ok		676815	4	1000
Question Banks/Cambridge Curricula/Cambridge AS and A Level/Computer Science (9618)/AS Level/2022/Oct-Nov (Variant 2)/9618_w22_ms_12.pdf	C	ok		319929	10	1664
Question Banks/Cambridge Curricula/Cambridge AS and A Level/Computer Science (9618)/AS Level/2022/Oct-Nov (Variant 2)/9618_w22_ms_22.pdf	C	ok		273319	13	1536
Question Banks/Cambridge Curricula/Cambridge AS and A Level/Computer Science (9618)/AS Level/2022/Oct-Nov (Variant 2)/9618_w22_qp_12.pdf	C	ok		1042094	20	789
Question Banks/Cambridge Curricula/Cambridge AS and A Level/Computer Science (9618)/AS Level/2022/Oct-Nov (Variant 2)/9618_w22_qp_22.pdf	C	ok		1080658	20	876
Question Banks/Cambridge Curricula/Cambridge AS and A Level/Computer Science (9618)/AS Level/2022/Oct-Nov (Variant 3)/9618_w22_in_23.pdf	C	ok		690115	4	1000
Question Banks/Cambridge Curricula/Cambridge AS and A Level/Computer Science (9618)/AS Level/2022/Oct-Nov (Variant 3)/9618_w22_ms_13.pdf	C	ok		317699	10	1626
Question Banks/Cambridge Curricula/Cambridge AS and A Level/Computer Science (9618)/AS Level/2022/Oct-Nov (Variant 3)/9618_w22_ms_23.pdf	C	ok		224676	9	1898
Question Banks/Cambridge Curricula/Cambridge AS and A Level/Computer Science (9618)/AS Level/2022/Oct-Nov (Variant 3)/9618_w22_qp_13.pdf	C	ok		1021379	20	848
Question Banks/Cambridge Curricula/Cambridge AS and A Level/Computer Science (9618)/AS Level/2022/Oct-Nov (Variant 3)/9618_w22_qp_23.pdf	C	ok		1053142	20	983
Question Banks/Cambridge Curricula/Cambridge AS and A Level/Computer Science (9618)/AS Level/2023/May-June (Variant 1)/9618_s23_in_21.pdf	C	ok		677297	4	1009
Question Banks/Cambridge Curricula/Cambridge AS and A Level/Computer Science (9618)/AS Level/2023/May-June (Variant 1)/9618_s23_ms_11.pdf	C	ok		225325	9	1763
Question Banks/Cambridge Curricula/Cambridge AS and A Level/Computer Science (9618)/AS Level/2023/May-June (Variant 1)/9618_s23_ms_21.pdf	C	ok		238052	11	1601
Question Banks/Cambridge Curricula/Cambridge AS and A Level/Computer Science (9618)/AS Level/2023/May-June (Variant 1)/9618_s23_qp_11.pdf	C	ok		729913	16	883
Question Banks/Cambridge Curricula/Cambridge AS and A Level/Computer Science (9618)/AS Level/2023/May-June (Variant 1)/9618_s23_qp_21.pdf	C	ok		810810	20	873
Question Banks/Cambridge Curricula/Cambridge AS and A Level/Computer Science (9618)/AS Level/2023/May-June (Variant 2)/9618_s23_in_22.pdf	C	ok		677323	4	1009
Question Banks/Cambridge Curricula/Cambridge AS and A Level/Computer Science (9618)/AS Level/2023/May-June (Variant 2)/9618_s23_ms_12.pdf	C	ok		220988	10	1713
Question Banks/Cambridge Curricula/Cambridge AS and A Level/Computer Science (9618)/AS Level/2023/May-June (Variant 2)/9618_s23_ms_22.pdf	C	ok		221576	14	1639
Question Banks/Cambridge Curricula/Cambridge AS and A Level/Computer Science (9618)/AS Level/2023/May-June (Variant 2)/9618_s23_qp_12.pdf	C	ok		725810	16	724
Question Banks/Cambridge Curricula/Cambridge AS and A Level/Computer Science (9618)/AS Level/2023/May-June (Variant 2)/9618_s23_qp_22.pdf	C	ok		2943580	20	1133
Question Banks/Cambridge Curricula/Cambridge AS and A Level/Computer Science (9618)/AS Level/2023/May-June (Variant 3)/9618_s23_in_23.pdf	C	ok		677003	4	1009
Question Banks/Cambridge Curricula/Cambridge AS and A Level/Computer Science (9618)/AS Level/2023/May-June (Variant 3)/9618_s23_ms_13.pdf	C	ok		203769	11	2128
Question Banks/Cambridge Curricula/Cambridge AS and A Level/Computer Science (9618)/AS Level/2023/May-June (Variant 3)/9618_s23_ms_23.pdf	C	ok		252451	10	1663
Question Banks/Cambridge Curricula/Cambridge AS and A Level/Computer Science (9618)/AS Level/2023/May-June (Variant 3)/9618_s23_qp_13.pdf	C	ok		720620	16	963
Question Banks/Cambridge Curricula/Cambridge AS and A Level/Computer Science (9618)/AS Level/2023/May-June (Variant 3)/9618_s23_qp_23.pdf	C	ok		728019	20	993
Question Banks/Cambridge Curricula/Cambridge AS and A Level/Computer Science (9618)/AS Level/2023/Oct-Nov (Variant 1)/9618_w23_in_21.pdf	C	ok		691644	4	1023
Question Banks/Cambridge Curricula/Cambridge AS and A Level/Computer Science (9618)/AS Level/2023/Oct-Nov (Variant 1)/9618_w23_ms_11.pdf	C	ok		243383	10	1917
Question Banks/Cambridge Curricula/Cambridge AS and A Level/Computer Science (9618)/AS Level/2023/Oct-Nov (Variant 1)/9618_w23_ms_21.pdf	C	ok		293736	10	1523
Question Banks/Cambridge Curricula/Cambridge AS and A Level/Computer Science (9618)/AS Level/2023/Oct-Nov (Variant 1)/9618_w23_qp_11.pdf	C	ok		780060	16	653
Question Banks/Cambridge Curricula/Cambridge AS and A Level/Computer Science (9618)/AS Level/2023/Oct-Nov (Variant 1)/9618_w23_qp_21.pdf	C	ok		752727	20	1154
Question Banks/Cambridge Curricula/Cambridge AS and A Level/Computer Science (9618)/AS Level/2023/Oct-Nov (Variant 2)/9618_w23_in_22.pdf	C	ok		691784	4	1023
Question Banks/Cambridge Curricula/Cambridge AS and A Level/Computer Science (9618)/AS Level/2023/Oct-Nov (Variant 2)/9618_w23_ms_12.pdf	C	ok		295879	11	2163
Question Banks/Cambridge Curricula/Cambridge AS and A Level/Computer Science (9618)/AS Level/2023/Oct-Nov (Variant 2)/9618_w23_ms_22.pdf	C	ok		348055	14	1291
Question Banks/Cambridge Curricula/Cambridge AS and A Level/Computer Science (9618)/AS Level/2023/Oct-Nov (Variant 2)/9618_w23_qp_12.pdf	C	ok		719262	16	688
Question Banks/Cambridge Curricula/Cambridge AS and A Level/Computer Science (9618)/AS Level/2023/Oct-Nov (Variant 2)/9618_w23_qp_22.pdf	C	ok		793353	20	854
Question Banks/Cambridge Curricula/Cambridge AS and A Level/Computer Science (9618)/AS Level/2023/Oct-Nov (Variant 3)/9618_w23_in_23.pdf	C	ok		691538	4	1023
Question Banks/Cambridge Curricula/Cambridge AS and A Level/Computer Science (9618)/AS Level/2023/Oct-Nov (Variant 3)/9618_w23_ms_13.pdf	C	ok		265799	10	1840
Question Banks/Cambridge Curricula/Cambridge AS and A Level/Computer Science (9618)/AS Level/2023/Oct-Nov (Variant 3)/9618_w23_ms_23.pdf	C	ok		297599	11	1160
Question Banks/Cambridge Curricula/Cambridge AS and A Level/Computer Science (9618)/AS Level/2023/Oct-Nov (Variant 3)/9618_w23_qp_13.pdf	C	ok		714780	16	766
Question Banks/Cambridge Curricula/Cambridge AS and A Level/Computer Science (9618)/AS Level/2023/Oct-Nov (Variant 3)/9618_w23_qp_23.pdf	C	ok		763656	20	864
Question Banks/Cambridge Curricula/Cambridge AS and A Level/Computer Science (9618)/AS Level/2024/May-June (Variant 1)/9618_s24_in_21.pdf	C	ok		735839	4	1034
Question Banks/Cambridge Curricula/Cambridge AS and A Level/Computer Science (9618)/AS Level/2024/May-June (Variant 1)/9618_s24_ms_11.pdf	C	ok		178041	8	2033
Question Banks/Cambridge Curricula/Cambridge AS and A Level/Computer Science (9618)/AS Level/2024/May-June (Variant 1)/9618_s24_ms_21.pdf	C	ok		183682	12	1268
Question Banks/Cambridge Curricula/Cambridge AS and A Level/Computer Science (9618)/AS Level/2024/May-June (Variant 1)/9618_s24_qp_11.pdf	C	ok		837029	16	1028
Question Banks/Cambridge Curricula/Cambridge AS and A Level/Computer Science (9618)/AS Level/2024/May-June (Variant 1)/9618_s24_qp_21.pdf	C	ok		982836	24	860
Question Banks/Cambridge Curricula/Cambridge AS and A Level/Computer Science (9618)/AS Level/2024/May-June (Variant 2)/9618_s24_in_22.pdf	C	ok		735257	4	1034
Question Banks/Cambridge Curricula/Cambridge AS and A Level/Computer Science (9618)/AS Level/2024/May-June (Variant 2)/9618_s24_ms_12.pdf	C	ok		177201	11	1822
Question Banks/Cambridge Curricula/Cambridge AS and A Level/Computer Science (9618)/AS Level/2024/May-June (Variant 2)/9618_s24_ms_22.pdf	C	ok		209253	12	1445
Question Banks/Cambridge Curricula/Cambridge AS and A Level/Computer Science (9618)/AS Level/2024/May-June (Variant 2)/9618_s24_qp_12.pdf	C	ok		820301	16	966
Question Banks/Cambridge Curricula/Cambridge AS and A Level/Computer Science (9618)/AS Level/2024/May-June (Variant 2)/9618_s24_qp_22.pdf	C	ok		3243868	24	871
Question Banks/Cambridge Curricula/Cambridge AS and A Level/Computer Science (9618)/AS Level/2024/May-June (Variant 3)/9618_s24_in_23.pdf	C	ok		735173	4	1034
Question Banks/Cambridge Curricula/Cambridge AS and A Level/Computer Science (9618)/AS Level/2024/May-June (Variant 3)/9618_s24_ms_13.pdf	C	ok		170790	9	1805
Question Banks/Cambridge Curricula/Cambridge AS and A Level/Computer Science (9618)/AS Level/2024/May-June (Variant 3)/9618_s24_ms_23.pdf	C	ok		204063	13	1469
Question Banks/Cambridge Curricula/Cambridge AS and A Level/Computer Science (9618)/AS Level/2024/May-June (Variant 3)/9618_s24_qp_13.pdf	C	ok		151911	16	1450
Question Banks/Cambridge Curricula/Cambridge AS and A Level/Computer Science (9618)/AS Level/2024/May-June (Variant 3)/9618_s24_qp_23.pdf	C	ok		150488	24	1275
Question Banks/Cambridge Curricula/Cambridge AS and A Level/Computer Science (9618)/AS Level/2024/Oct-Nov (Variant 1)/9618_w24_in_21.pdf	C	ok		754693	4	1031
Question Banks/Cambridge Curricula/Cambridge AS and A Level/Computer Science (9618)/AS Level/2024/Oct-Nov (Variant 1)/9618_w24_ms_11.pdf	C	ok		236195	9	2180
Question Banks/Cambridge Curricula/Cambridge AS and A Level/Computer Science (9618)/AS Level/2024/Oct-Nov (Variant 1)/9618_w24_ms_21.pdf	C	ok		293614	13	1581
Question Banks/Cambridge Curricula/Cambridge AS and A Level/Computer Science (9618)/AS Level/2024/Oct-Nov (Variant 1)/9618_w24_qp_11.pdf	C	ok		109275	16	1165
Question Banks/Cambridge Curricula/Cambridge AS and A Level/Computer Science (9618)/AS Level/2024/Oct-Nov (Variant 1)/9618_w24_qp_21.pdf	C	ok		120884	20	1342
Question Banks/Cambridge Curricula/Cambridge AS and A Level/Computer Science (9618)/AS Level/2024/Oct-Nov (Variant 2)/9618_w24_in_22.pdf	C	ok		1517774	4	1031
Question Banks/Cambridge Curricula/Cambridge AS and A Level/Computer Science (9618)/AS Level/2024/Oct-Nov (Variant 2)/9618_w24_ms_12.pdf	C	ok		248256	10	2010
Question Banks/Cambridge Curricula/Cambridge AS and A Level/Computer Science (9618)/AS Level/2024/Oct-Nov (Variant 2)/9618_w24_ms_22.pdf	C	ok		312144	12	1597
Question Banks/Cambridge Curricula/Cambridge AS and A Level/Computer Science (9618)/AS Level/2024/Oct-Nov (Variant 2)/9618_w24_qp_12.pdf	C	ok		114308	16	1230
Question Banks/Cambridge Curricula/Cambridge AS and A Level/Computer Science (9618)/AS Level/2024/Oct-Nov (Variant 2)/9618_w24_qp_22.pdf	C	ok		125256	24	1416
Question Banks/Cambridge Curricula/Cambridge AS and A Level/Computer Science (9618)/AS Level/2024/Oct-Nov (Variant 3)/9618_w24_in_23.pdf	C	ok		1517610	4	1031
Question Banks/Cambridge Curricula/Cambridge AS and A Level/Computer Science (9618)/AS Level/2024/Oct-Nov (Variant 3)/9618_w24_ms_13.pdf	C	ok		258361	9	2025
Question Banks/Cambridge Curricula/Cambridge AS and A Level/Computer Science (9618)/AS Level/2024/Oct-Nov (Variant 3)/9618_w24_ms_23.pdf	C	ok		334821	14	1392
Question Banks/Cambridge Curricula/Cambridge AS and A Level/Computer Science (9618)/AS Level/2024/Oct-Nov (Variant 3)/9618_w24_qp_13.pdf	C	ok		120709	20	1048
Question Banks/Cambridge Curricula/Cambridge AS and A Level/Computer Science (9618)/AS Level/2024/Oct-Nov (Variant 3)/9618_w24_qp_23.pdf	C	ok		117516	20	1337
Question Banks/Cambridge Curricula/Cambridge AS and A Level/Computer Science (9618)/AS Level/2025/May-June (Variant 1)/9618_s25_in_21.pdf	C	ok		1439477	4	1034
Question Banks/Cambridge Curricula/Cambridge AS and A Level/Computer Science (9618)/AS Level/2025/May-June (Variant 1)/9618_s25_ms_11.pdf	C	ok		276659	12	1557
Question Banks/Cambridge Curricula/Cambridge AS and A Level/Computer Science (9618)/AS Level/2025/May-June (Variant 1)/9618_s25_ms_21.pdf	C	ok		409662	14	1559
Question Banks/Cambridge Curricula/Cambridge AS and A Level/Computer Science (9618)/AS Level/2025/May-June (Variant 1)/9618_s25_qp_11.pdf	C	ok		125367	20	1164
Question Banks/Cambridge Curricula/Cambridge AS and A Level/Computer Science (9618)/AS Level/2025/May-June (Variant 1)/9618_s25_qp_21.pdf	C	ok		126772	20	1257
Question Banks/Cambridge Curricula/Cambridge AS and A Level/Computer Science (9618)/AS Level/2025/May-June (Variant 2)/9618_s25_in_22.pdf	C	ok		1423716	4	1034
Question Banks/Cambridge Curricula/Cambridge AS and A Level/Computer Science (9618)/AS Level/2025/May-June (Variant 2)/9618_s25_ms_12.pdf	C	ok		276836	12	1871
Question Banks/Cambridge Curricula/Cambridge AS and A Level/Computer Science (9618)/AS Level/2025/May-June (Variant 2)/9618_s25_ms_22.pdf	C	ok		422076	20	1524
Question Banks/Cambridge Curricula/Cambridge AS and A Level/Computer Science (9618)/AS Level/2025/May-June (Variant 2)/9618_s25_qp_12.pdf	C	ok		118273	16	1096
Question Banks/Cambridge Curricula/Cambridge AS and A Level/Computer Science (9618)/AS Level/2025/May-June (Variant 2)/9618_s25_qp_22.pdf	C	ok		123887	20	1200
Question Banks/Cambridge Curricula/Cambridge AS and A Level/Computer Science (9618)/AS Level/2025/May-June (Variant 3)/9618_s25_in_23.pdf	C	ok		961240	4	1034
Question Banks/Cambridge Curricula/Cambridge AS and A Level/Computer Science (9618)/AS Level/2025/May-June (Variant 3)/9618_s25_ms_13.pdf	C	ok		296789	12	1766
Question Banks/Cambridge Curricula/Cambridge AS and A Level/Computer Science (9618)/AS Level/2025/May-June (Variant 3)/9618_s25_ms_23.pdf	C	ok		374318	14	1434
Question Banks/Cambridge Curricula/Cambridge AS and A Level/Computer Science (9618)/AS Level/2025/May-June (Variant 3)/9618_s25_qp_13.pdf	C	ok		127127	20	1207
Question Banks/Cambridge Curricula/Cambridge AS and A Level/Computer Science (9618)/AS Level/2025/May-June (Variant 3)/9618_s25_qp_23.pdf	C	ok		123995	20	1308
Question Banks/Cambridge Curricula/Cambridge AS and A Level/Computer Science (9618)/AS Level/2025/Oct-Nov (Variant 1)/9618_w25_in_21.pdf	C	ok		1438835	4	1034
Question Banks/Cambridge Curricula/Cambridge AS and A Level/Computer Science (9618)/AS Level/2025/Oct-Nov (Variant 1)/9618_w25_ms_11.pdf	C	ok		346903	15	1809
Question Banks/Cambridge Curricula/Cambridge AS and A Level/Computer Science (9618)/AS Level/2025/Oct-Nov (Variant 1)/9618_w25_ms_21.pdf	C	ok		488354	19	1215
Question Banks/Cambridge Curricula/Cambridge AS and A Level/Computer Science (9618)/AS Level/2025/Oct-Nov (Variant 1)/9618_w25_qp_11.pdf	C	ok		119122	16	1158
Question Banks/Cambridge Curricula/Cambridge AS and A Level/Computer Science (9618)/AS Level/2025/Oct-Nov (Variant 1)/9618_w25_qp_21.pdf	C	ok		124125	20	1377
Question Banks/Cambridge Curricula/Cambridge AS and A Level/Computer Science (9618)/AS Level/2025/Oct-Nov (Variant 2)/9618_w25_in_22.pdf	C	ok		1436585	4	1037
Question Banks/Cambridge Curricula/Cambridge AS and A Level/Computer Science (9618)/AS Level/2025/Oct-Nov (Variant 2)/9618_w25_ms_12.pdf	C	ok		369311	11	1886
Question Banks/Cambridge Curricula/Cambridge AS and A Level/Computer Science (9618)/AS Level/2025/Oct-Nov (Variant 2)/9618_w25_ms_22.pdf	C	ok		451969	15	1307
Question Banks/Cambridge Curricula/Cambridge AS and A Level/Computer Science (9618)/AS Level/2025/Oct-Nov (Variant 2)/9618_w25_qp_12.pdf	C	ok		164107	16	1104
Question Banks/Cambridge Curricula/Cambridge AS and A Level/Computer Science (9618)/AS Level/2025/Oct-Nov (Variant 2)/9618_w25_qp_22.pdf	C	ok		128857	20	1658
Question Banks/Cambridge Curricula/Cambridge AS and A Level/Computer Science (9618)/AS Level/2025/Oct-Nov (Variant 3)/9618_w25_in_23.pdf	C	ok		1425620	4	1034
Question Banks/Cambridge Curricula/Cambridge AS and A Level/Computer Science (9618)/AS Level/2025/Oct-Nov (Variant 3)/9618_w25_ms_13.pdf	C	ok		352790	12	1459
Question Banks/Cambridge Curricula/Cambridge AS and A Level/Computer Science (9618)/AS Level/2025/Oct-Nov (Variant 3)/9618_w25_ms_23.pdf	C	ok		437157	17	1564
Question Banks/Cambridge Curricula/Cambridge AS and A Level/Computer Science (9618)/AS Level/2025/Oct-Nov (Variant 3)/9618_w25_qp_13.pdf	C	ok		123007	16	1206
Question Banks/Cambridge Curricula/Cambridge AS and A Level/Computer Science (9618)/AS Level/2025/Oct-Nov (Variant 3)/9618_w25_qp_23.pdf	C	ok		138824	24	1268
Question Banks/Cambridge Curricula/Cambridge AS and A Level/Computer Science (9618)/Examiner Reports/2021/9618_s21_er.pdf	C	ok		2137251	42	3981
Question Banks/Cambridge Curricula/Cambridge AS and A Level/Computer Science (9618)/Examiner Reports/2021/9618_w21_er.pdf	C	ok		3388131	40	3572
Question Banks/Cambridge Curricula/Cambridge AS and A Level/Computer Science (9618)/Examiner Reports/2022/9618_s22_er.pdf	C	ok		4900115	43	4170
Question Banks/Cambridge Curricula/Cambridge AS and A Level/Computer Science (9618)/Examiner Reports/2022/9618_w22_er.pdf	C	ok		6034428	54	3971
Question Banks/Cambridge Curricula/Cambridge AS and A Level/Computer Science (9618)/Examiner Reports/2023/9618_s23_er.pdf	C	ok		5204755	48	4179
Question Banks/Cambridge Curricula/Cambridge AS and A Level/Computer Science (9618)/Examiner Reports/2023/9618_w23_er.pdf	C	ok		6077379	47	3257
Question Banks/Cambridge Curricula/Cambridge AS and A Level/Computer Science (9618)/Examiner Reports/2024/9618_s24_er.pdf	C	ok		1557184	49	4153
Question Banks/Cambridge Curricula/Cambridge AS and A Level/Computer Science (9618)/Examiner Reports/2024/9618_w24_er.pdf	C	ok		1431264	47	4173
Question Banks/Cambridge Curricula/Cambridge AS and A Level/Computer Science (9618)/Examiner Reports/2025/9618_s25_er.pdf	C	ok		2227243	49	3544
Question Banks/Cambridge Curricula/Cambridge AS and A Level/Computer Science (9618)/Examiner Reports/2025/9618_w25_er.pdf	C	ok		2337942	54	4448
Question Banks/Cambridge Curricula/Cambridge AS and A Level/Computer Science (9618)/Grade Thresholds/2021/9618_s21_gt.pdf	C	ok		134684	1	272
Question Banks/Cambridge Curricula/Cambridge AS and A Level/Computer Science (9618)/Grade Thresholds/2021/9618_w21_gt.pdf	C	ok		139355	2	345
Question Banks/Cambridge Curricula/Cambridge AS and A Level/Computer Science (9618)/Grade Thresholds/2022/9618_s22_gt.pdf	C	ok		144073	2	506
Question Banks/Cambridge Curricula/Cambridge AS and A Level/Computer Science (9618)/Grade Thresholds/2022/9618_w22_gt.pdf	C	ok		145572	2	483
Question Banks/Cambridge Curricula/Cambridge AS and A Level/Computer Science (9618)/Grade Thresholds/2023/9618_s23_gt.pdf	C	ok		141875	2	397
Question Banks/Cambridge Curricula/Cambridge AS and A Level/Computer Science (9618)/Grade Thresholds/2023/9618_w23_gt.pdf	C	ok		144009	2	419
Question Banks/Cambridge Curricula/Cambridge AS and A Level/Computer Science (9618)/Grade Thresholds/2024/9618_s24_gt.pdf	C	ok		102832	2	358
Question Banks/Cambridge Curricula/Cambridge AS and A Level/Computer Science (9618)/Grade Thresholds/2024/9618_w24_gt.pdf	C	ok		150883	2	426
Question Banks/Cambridge Curricula/Cambridge AS and A Level/Computer Science (9618)/Grade Thresholds/2025/9618_s25_gt.pdf	C	ok		167644	2	407
Question Banks/Cambridge Curricula/Cambridge AS and A Level/Computer Science (9618)/Grade Thresholds/2025/9618_w25_gt.pdf	C	ok		165934	2	416
