stem,filename,syllabus,year,series,series_name,paper,variant,kind,as_scope,tier,already_held,target_path
9609_w20_qp_21,9609_w20_qp_21.pdf,9609,2020,w20,Oct/Nov,Paper 2,1,qp,yes,0_orphan_pair,no,sources/cambridge/as-a-level/9609-business/assessment/2020/w20/qp/9609_w20_qp_21.pdf
9609_s23_qp_11,9609_s23_qp_11.pdf,9609,2023,s23,May/June,Paper 1,1,qp,yes,1_minimum,no,sources/cambridge/as-a-level/9609-business/assessment/2023/s23/qp/9609_s23_qp_11.pdf
9609_s23_ms_11,9609_s23_ms_11.pdf,9609,2023,s23,May/June,Paper 1,1,ms,yes,1_minimum,no,sources/cambridge/as-a-level/9609-business/assessment/2023/s23/ms/9609_s23_ms_11.pdf
9609_s23_qp_12,9609_s23_qp_12.pdf,9609,2023,s23,May/June,Paper 1,2,qp,yes,2_all_variants,no,sources/cambridge/as-a-level/9609-business/assessment/2023/s23/qp/9609_s23_qp_12.pdf
9609_s23_ms_12,9609_s23_ms_12.pdf,9609,2023,s23,May/June,Paper 1,2,ms,yes,2_all_variants,no,sources/cambridge/as-a-level/9609-business/assessment/2023/s23/ms/9609_s23_ms_12.pdf
9609_s23_qp_13,9609_s23_qp_13.pdf,9609,2023,s23,May/June,Paper 1,3,qp,yes,2_all_variants,no,sources/cambridge/as-a-level/9609-business/assessment/2023/s23/qp/9609_s23_qp_13.pdf
9609_s23_ms_13,9609_s23_ms_13.pdf,9609,2023,s23,May/June,Paper 1,3,ms,yes,2_all_variants,no,sources/cambridge/as-a-level/9609-business/assessment/2023/s23/ms/9609_s23_ms_13.pdf
9609_s23_qp_21,9609_s23_qp_21.pdf,9609,2023,s23,May/June,Paper 2,1,qp,yes,1_minimum,no,sources/cambridge/as-a-level/9609-business/assessment/2023/s23/qp/9609_s23_qp_21.pdf
9609_s23_ms_21,9609_s23_ms_21.pdf,9609,2023,s23,May/June,Paper 2,1,ms,yes,1_minimum,no,sources/cambridge/as-a-level/9609-business/assessment/2023/s23/ms/9609_s23_ms_21.pdf
9609_s23_qp_22,9609_s23_qp_22.pdf,9609,2023,s23,May/June,Paper 2,2,qp,yes,2_all_variants,no,sources/cambridge/as-a-level/9609-business/assessment/2023/s23/qp/9609_s23_qp_22.pdf
9609_s23_ms_22,9609_s23_ms_22.pdf,9609,2023,s23,May/June,Paper 2,2,ms,yes,2_all_variants,no,sources/cambridge/as-a-level/9609-business/assessment/2023/s23/ms/9609_s23_ms_22.pdf
9609_s23_qp_23,9609_s23_qp_23.pdf,9609,2023,s23,May/June,Paper 2,3,qp,yes,2_all_variants,no,sources/cambridge/as-a-level/9609-business/assessment/2023/s23/qp/9609_s23_qp_23.pdf
9609_s23_ms_23,9609_s23_ms_23.pdf,9609,2023,s23,May/June,Paper 2,3,ms,yes,2_all_variants,no,sources/cambridge/as-a-level/9609-business/assessment/2023/s23/ms/9609_s23_ms_23.pdf
9609_s23_er,9609_s23_er.pdf,9609,2023,s23,May/June,all papers,,er,yes,1_minimum,no,sources/cambridge/as-a-level/9609-business/assessment/2023/s23/er/9609_s23_er.pdf
9609_w23_qp_11,9609_w23_qp_11.pdf,9609,2023,w23,Oct/Nov,Paper 1,1,qp,yes,1_minimum,no,sources/cambridge/as-a-level/9609-business/assessment/2023/w23/qp/9609_w23_qp_11.pdf
9609_w23_ms_11,9609_w23_ms_11.pdf,9609,2023,w23,Oct/Nov,Paper 1,1,ms,yes,1_minimum,no,sources/cambridge/as-a-level/9609-business/assessment/2023/w23/ms/9609_w23_ms_11.pdf
9609_w23_qp_12,9609_w23_qp_12.pdf,9609,2023,w23,Oct/Nov,Paper 1,2,qp,yes,2_all_variants,no,sources/cambridge/as-a-level/9609-business/assessment/2023/w23/qp/9609_w23_qp_12.pdf
9609_w23_ms_12,9609_w23_ms_12.pdf,9609,2023,w23,Oct/Nov,Paper 1,2,ms,yes,2_all_variants,no,sources/cambridge/as-a-level/9609-business/assessment/2023/w23/ms/9609_w23_ms_12.pdf
9609_w23_qp_13,9609_w23_qp_13.pdf,9609,2023,w23,Oct/Nov,Paper 1,3,qp,yes,2_all_variants,no,sources/cambridge/as-a-level/9609-business/assessment/2023/w23/qp/9609_w23_qp_13.pdf
9609_w23_ms_13,9609_w23_ms_13.pdf,9609,2023,w23,Oct/Nov,Paper 1,3,ms,yes,2_all_variants,no,sources/cambridge/as-a-level/9609-business/assessment/2023/w23/ms/9609_w23_ms_13.pdf
9609_w23_qp_21,9609_w23_qp_21.pdf,9609,2023,w23,Oct/Nov,Paper 2,1,qp,yes,1_minimum,no,sources/cambridge/as-a-level/9609-business/assessment/2023/w23/qp/9609_w23_qp_21.pdf
9609_w23_ms_21,9609_w23_ms_21.pdf,9609,2023,w23,Oct/Nov,Paper 2,1,ms,yes,1_minimum,no,sources/cambridge/as-a-level/9609-business/assessment/2023/w23/ms/9609_w23_ms_21.pdf
9609_w23_qp_22,9609_w23_qp_22.pdf,9609,2023,w23,Oct/Nov,Paper 2,2,qp,yes,2_all_variants,no,sources/cambridge/as-a-level/9609-business/assessment/2023/w23/qp/9609_w23_qp_22.pdf
9609_w23_ms_22,9609_w23_ms_22.pdf,9609,2023,w23,Oct/Nov,Paper 2,2,ms,yes,2_all_variants,no,sources/cambridge/as-a-level/9609-business/assessment/2023/w23/ms/9609_w23_ms_22.pdf
9609_w23_qp_23,9609_w23_qp_23.pdf,9609,2023,w23,Oct/Nov,Paper 2,3,qp,yes,2_all_variants,no,sources/cambridge/as-a-level/9609-business/assessment/2023/w23/qp/9609_w23_qp_23.pdf
9609_w23_ms_23,9609_w23_ms_23.pdf,9609,2023,w23,Oct/Nov,Paper 2,3,ms,yes,2_all_variants,no,sources/cambridge/as-a-level/9609-business/assessment/2023/w23/ms/9609_w23_ms_23.pdf
9609_w23_er,9609_w23_er.pdf,9609,2023,w23,Oct/Nov,all papers,,er,yes,1_minimum,no,sources/cambridge/as-a-level/9609-business/assessment/2023/w23/er/9609_w23_er.pdf
9609_s24_qp_11,9609_s24_qp_11.pdf,9609,2024,s24,May/June,Paper 1,1,qp,yes,1_minimum,no,sources/cambridge/as-a-level/9609-business/assessment/2024/s24/qp/9609_s24_qp_11.pdf
9609_s24_ms_11,9609_s24_ms_11.pdf,9609,2024,s24,May/June,Paper 1,1,ms,yes,1_minimum,no,sources/cambridge/as-a-level/9609-business/assessment/2024/s24/ms/9609_s24_ms_11.pdf
9609_s24_qp_12,9609_s24_qp_12.pdf,9609,2024,s24,May/June,Paper 1,2,qp,yes,2_all_variants,no,sources/cambridge/as-a-level/9609-business/assessment/2024/s24/qp/9609_s24_qp_12.pdf
9609_s24_ms_12,9609_s24_ms_12.pdf,9609,2024,s24,May/June,Paper 1,2,ms,yes,2_all_variants,no,sources/cambridge/as-a-level/9609-business/assessment/2024/s24/ms/9609_s24_ms_12.pdf
9609_s24_qp_13,9609_s24_qp_13.pdf,9609,2024,s24,May/June,Paper 1,3,qp,yes,2_all_variants,no,sources/cambridge/as-a-level/9609-business/assessment/2024/s24/qp/9609_s24_qp_13.pdf
9609_s24_ms_13,9609_s24_ms_13.pdf,9609,2024,s24,May/June,Paper 1,3,ms,yes,2_all_variants,no,sources/cambridge/as-a-level/9609-business/assessment/2024/s24/ms/9609_s24_ms_13.pdf
9609_s24_qp_21,9609_s24_qp_21.pdf,9609,2024,s24,May/June,Paper 2,1,qp,yes,1_minimum,no,sources/cambridge/as-a-level/9609-business/assessment/2024/s24/qp/9609_s24_qp_21.pdf
9609_s24_ms_21,9609_s24_ms_21.pdf,9609,2024,s24,May/June,Paper 2,1,ms,yes,1_minimum,no,sources/cambridge/as-a-level/9609-business/assessment/2024/s24/ms/9609_s24_ms_21.pdf
9609_s24_qp_22,9609_s24_qp_22.pdf,9609,2024,s24,May/June,Paper 2,2,qp,yes,2_all_variants,no,sources/cambridge/as-a-level/9609-business/assessment/2024/s24/qp/9609_s24_qp_22.pdf
9609_s24_ms_22,9609_s24_ms_22.pdf,9609,2024,s24,May/June,Paper 2,2,ms,yes,2_all_variants,no,sources/cambridge/as-a-level/9609-business/assessment/2024/s24/ms/9609_s24_ms_22.pdf
9609_s24_qp_23,9609_s24_qp_23.pdf,9609,2024,s24,May/June,Paper 2,3,qp,yes,2_all_variants,no,sources/cambridge/as-a-level/9609-business/assessment/2024/s24/qp/9609_s24_qp_23.pdf
9609_s24_ms_23,9609_s24_ms_23.pdf,9609,2024,s24,May/June,Paper 2,3,ms,yes,2_all_variants,no,sources/cambridge/as-a-level/9609-business/assessment/2024/s24/ms/9609_s24_ms_23.pdf
9609_s24_er,9609_s24_er.pdf,9609,2024,s24,May/June,all papers,,er,yes,1_minimum,no,sources/cambridge/as-a-level/9609-business/assessment/2024/s24/er/9609_s24_er.pdf
9609_w24_qp_11,9609_w24_qp_11.pdf,9609,2024,w24,Oct/Nov,Paper 1,1,qp,yes,1_minimum,no,sources/cambridge/as-a-level/9609-business/assessment/2024/w24/qp/9609_w24_qp_11.pdf
9609_w24_ms_11,9609_w24_ms_11.pdf,9609,2024,w24,Oct/Nov,Paper 1,1,ms,yes,1_minimum,no,sources/cambridge/as-a-level/9609-business/assessment/2024/w24/ms/9609_w24_ms_11.pdf
9609_w24_qp_12,9609_w24_qp_12.pdf,9609,2024,w24,Oct/Nov,Paper 1,2,qp,yes,2_all_variants,no,sources/cambridge/as-a-level/9609-business/assessment/2024/w24/qp/9609_w24_qp_12.pdf
9609_w24_ms_12,9609_w24_ms_12.pdf,9609,2024,w24,Oct/Nov,Paper 1,2,ms,yes,2_all_variants,no,sources/cambridge/as-a-level/9609-business/assessment/2024/w24/ms/9609_w24_ms_12.pdf
9609_w24_qp_13,9609_w24_qp_13.pdf,9609,2024,w24,Oct/Nov,Paper 1,3,qp,yes,2_all_variants,no,sources/cambridge/as-a-level/9609-business/assessment/2024/w24/qp/9609_w24_qp_13.pdf
9609_w24_ms_13,9609_w24_ms_13.pdf,9609,2024,w24,Oct/Nov,Paper 1,3,ms,yes,2_all_variants,no,sources/cambridge/as-a-level/9609-business/assessment/2024/w24/ms/9609_w24_ms_13.pdf
9609_w24_qp_21,9609_w24_qp_21.pdf,9609,2024,w24,Oct/Nov,Paper 2,1,qp,yes,1_minimum,no,sources/cambridge/as-a-level/9609-business/assessment/2024/w24/qp/9609_w24_qp_21.pdf
9609_w24_ms_21,9609_w24_ms_21.pdf,9609,2024,w24,Oct/Nov,Paper 2,1,ms,yes,1_minimum,no,sources/cambridge/as-a-level/9609-business/assessment/2024/w24/ms/9609_w24_ms_21.pdf
9609_w24_qp_22,9609_w24_qp_22.pdf,9609,2024,w24,Oct/Nov,Paper 2,2,qp,yes,2_all_variants,no,sources/cambridge/as-a-level/9609-business/assessment/2024/w24/qp/9609_w24_qp_22.pdf
9609_w24_ms_22,9609_w24_ms_22.pdf,9609,2024,w24,Oct/Nov,Paper 2,2,ms,yes,2_all_variants,no,sources/cambridge/as-a-level/9609-business/assessment/2024/w24/ms/9609_w24_ms_22.pdf
9609_w24_qp_23,9609_w24_qp_23.pdf,9609,2024,w24,Oct/Nov,Paper 2,3,qp,yes,2_all_variants,no,sources/cambridge/as-a-level/9609-business/assessment/2024/w24/qp/9609_w24_qp_23.pdf
9609_w24_ms_23,9609_w24_ms_23.pdf,9609,2024,w24,Oct/Nov,Paper 2,3,ms,yes,2_all_variants,no,sources/cambridge/as-a-level/9609-business/assessment/2024/w24/ms/9609_w24_ms_23.pdf
9609_w24_er,9609_w24_er.pdf,9609,2024,w24,Oct/Nov,all papers,,er,yes,1_minimum,no,sources/cambridge/as-a-level/9609-business/assessment/2024/w24/er/9609_w24_er.pdf
9609_s25_qp_11,9609_s25_qp_11.pdf,9609,2025,s25,May/June,Paper 1,1,qp,yes,1_minimum,no,sources/cambridge/as-a-level/9609-business/assessment/2025/s25/qp/9609_s25_qp_11.pdf
9609_s25_ms_11,9609_s25_ms_11.pdf,9609,2025,s25,May/June,Paper 1,1,ms,yes,1_minimum,no,sources/cambridge/as-a-level/9609-business/assessment/2025/s25/ms/9609_s25_ms_11.pdf
9609_s25_qp_12,9609_s25_qp_12.pdf,9609,2025,s25,May/June,Paper 1,2,qp,yes,2_all_variants,no,sources/cambridge/as-a-level/9609-business/assessment/2025/s25/qp/9609_s25_qp_12.pdf
9609_s25_ms_12,9609_s25_ms_12.pdf,9609,2025,s25,May/June,Paper 1,2,ms,yes,2_all_variants,no,sources/cambridge/as-a-level/9609-business/assessment/2025/s25/ms/9609_s25_ms_12.pdf
9609_s25_qp_13,9609_s25_qp_13.pdf,9609,2025,s25,May/June,Paper 1,3,qp,yes,2_all_variants,no,sources/cambridge/as-a-level/9609-business/assessment/2025/s25/qp/9609_s25_qp_13.pdf
9609_s25_ms_13,9609_s25_ms_13.pdf,9609,2025,s25,May/June,Paper 1,3,ms,yes,2_all_variants,no,sources/cambridge/as-a-level/9609-business/assessment/2025/s25/ms/9609_s25_ms_13.pdf
9609_s25_qp_21,9609_s25_qp_21.pdf,9609,2025,s25,May/June,Paper 2,1,qp,yes,1_minimum,no,sources/cambridge/as-a-level/9609-business/assessment/2025/s25/qp/9609_s25_qp_21.pdf
9609_s25_ms_21,9609_s25_ms_21.pdf,9609,2025,s25,May/June,Paper 2,1,ms,yes,1_minimum,no,sources/cambridge/as-a-level/9609-business/assessment/2025/s25/ms/9609_s25_ms_21.pdf
9609_s25_qp_22,9609_s25_qp_22.pdf,9609,2025,s25,May/June,Paper 2,2,qp,yes,2_all_variants,no,sources/cambridge/as-a-level/9609-business/assessment/2025/s25/qp/9609_s25_qp_22.pdf
9609_s25_ms_22,9609_s25_ms_22.pdf,9609,2025,s25,May/June,Paper 2,2,ms,yes,2_all_variants,no,sources/cambridge/as-a-level/9609-business/assessment/2025/s25/ms/9609_s25_ms_22.pdf
9609_s25_qp_23,9609_s25_qp_23.pdf,9609,2025,s25,May/June,Paper 2,3,qp,yes,2_all_variants,no,sources/cambridge/as-a-level/9609-business/assessment/2025/s25/qp/9609_s25_qp_23.pdf
9609_s25_ms_23,9609_s25_ms_23.pdf,9609,2025,s25,May/June,Paper 2,3,ms,yes,2_all_variants,no,sources/cambridge/as-a-level/9609-business/assessment/2025/s25/ms/9609_s25_ms_23.pdf
9609_s25_er,9609_s25_er.pdf,9609,2025,s25,May/June,all papers,,er,yes,1_minimum,no,sources/cambridge/as-a-level/9609-business/assessment/2025/s25/er/9609_s25_er.pdf
9609_w25_qp_11,9609_w25_qp_11.pdf,9609,2025,w25,Oct/Nov,Paper 1,1,qp,yes,1_minimum,no,sources/cambridge/as-a-level/9609-business/assessment/2025/w25/qp/9609_w25_qp_11.pdf
9609_w25_ms_11,9609_w25_ms_11.pdf,9609,2025,w25,Oct/Nov,Paper 1,1,ms,yes,1_minimum,no,sources/cambridge/as-a-level/9609-business/assessment/2025/w25/ms/9609_w25_ms_11.pdf
9609_w25_qp_12,9609_w25_qp_12.pdf,9609,2025,w25,Oct/Nov,Paper 1,2,qp,yes,2_all_variants,no,sources/cambridge/as-a-level/9609-business/assessment/2025/w25/qp/9609_w25_qp_12.pdf
9609_w25_ms_12,9609_w25_ms_12.pdf,9609,2025,w25,Oct/Nov,Paper 1,2,ms,yes,2_all_variants,no,sources/cambridge/as-a-level/9609-business/assessment/2025/w25/ms/9609_w25_ms_12.pdf
9609_w25_qp_13,9609_w25_qp_13.pdf,9609,2025,w25,Oct/Nov,Paper 1,3,qp,yes,2_all_variants,no,sources/cambridge/as-a-level/9609-business/assessment/2025/w25/qp/9609_w25_qp_13.pdf
9609_w25_ms_13,9609_w25_ms_13.pdf,9609,2025,w25,Oct/Nov,Paper 1,3,ms,yes,2_all_variants,no,sources/cambridge/as-a-level/9609-business/assessment/2025/w25/ms/9609_w25_ms_13.pdf
9609_w25_qp_21,9609_w25_qp_21.pdf,9609,2025,w25,Oct/Nov,Paper 2,1,qp,yes,1_minimum,no,sources/cambridge/as-a-level/9609-business/assessment/2025/w25/qp/9609_w25_qp_21.pdf
9609_w25_ms_21,9609_w25_ms_21.pdf,9609,2025,w25,Oct/Nov,Paper 2,1,ms,yes,1_minimum,no,sources/cambridge/as-a-level/9609-business/assessment/2025/w25/ms/9609_w25_ms_21.pdf
9609_w25_qp_22,9609_w25_qp_22.pdf,9609,2025,w25,Oct/Nov,Paper 2,2,qp,yes,2_all_variants,no,sources/cambridge/as-a-level/9609-business/assessment/2025/w25/qp/9609_w25_qp_22.pdf
9609_w25_ms_22,9609_w25_ms_22.pdf,9609,2025,w25,Oct/Nov,Paper 2,2,ms,yes,2_all_variants,no,sources/cambridge/as-a-level/9609-business/assessment/2025/w25/ms/9609_w25_ms_22.pdf
9609_w25_qp_23,9609_w25_qp_23.pdf,9609,2025,w25,Oct/Nov,Paper 2,3,qp,yes,2_all_variants,no,sources/cambridge/as-a-level/9609-business/assessment/2025/w25/qp/9609_w25_qp_23.pdf
9609_w25_ms_23,9609_w25_ms_23.pdf,9609,2025,w25,Oct/Nov,Paper 2,3,ms,yes,2_all_variants,no,sources/cambridge/as-a-level/9609-business/assessment/2025/w25/ms/9609_w25_ms_23.pdf
9609_w25_er,9609_w25_er.pdf,9609,2025,w25,Oct/Nov,all papers,,er,yes,1_minimum,no,sources/cambridge/as-a-level/9609-business/assessment/2025/w25/er/9609_w25_er.pdf
9609_specimen_sp_1_2026-2028,9609_specimen_sp_1_2026-2028.pdf,9609,2026,specimen,specimen (specimen paper),Paper 1,,sp,yes,1_minimum,no,sources/cambridge/as-a-level/9609-business/assessment/specimen/2026-2028/sp/9609_specimen_sp_1_2026-2028.pdf
9609_specimen_sp_2_2026-2028,9609_specimen_sp_2_2026-2028.pdf,9609,2026,specimen,specimen (specimen paper),Paper 2,,sp,yes,1_minimum,no,sources/cambridge/as-a-level/9609-business/assessment/specimen/2026-2028/sp/9609_specimen_sp_2_2026-2028.pdf
9609_specimen_sm_1_2026-2028,9609_specimen_sm_1_2026-2028.pdf,9609,2026,specimen,specimen (specimen mark scheme),Paper 1,,sm,yes,1_minimum,no,sources/cambridge/as-a-level/9609-business/assessment/specimen/2026-2028/sm/9609_specimen_sm_1_2026-2028.pdf
9609_specimen_sm_2_2026-2028,9609_specimen_sm_2_2026-2028.pdf,9609,2026,specimen,specimen (specimen mark scheme),Paper 2,,sm,yes,1_minimum,no,sources/cambridge/as-a-level/9609-business/assessment/specimen/2026-2028/sm/9609_specimen_sm_2_2026-2028.pdf
