board,level,code,slug,status,files_seen,original_folder_names_seen
cambridge,as-a-level,8027,german,confirmed_code_in_folder_name,18,German (8027)
cambridge,as-a-level,8028,french,confirmed_code_in_folder_name,30,French (8028)
cambridge,as-a-level,8679,afrikaans,confirmed_code_in_folder_name,10,Afrikaans (8679)
cambridge,as-a-level,9084,law,confirmed_code_in_folder_name,221,Law (9084)
cambridge,as-a-level,9093,english-language,confirmed_code_in_folder_name,14,English 1st (9093) | English Language (9093)
cambridge,as-a-level,9395,travel-and-tourism,confirmed_code_in_folder_name,259,Travel & Tourism (9395)
cambridge,as-a-level,9489,history,confirmed_code_in_folder_name,188,History (9489)
cambridge,as-a-level,9609,business,confirmed_code_in_folder_name,19,Business (9609) | Business Studies (9609)
cambridge,as-a-level,9618,computer-science,confirmed_code_in_folder_name,35,Computer Science (9618)
cambridge,as-a-level,9696,geography,confirmed_code_in_folder_name,392,Geography (9696)
cambridge,as-a-level,9699,sociology,confirmed_code_in_folder_name,230,Sociology (9699)
cambridge,as-a-level,9700,biology,confirmed_code_in_folder_name,36,Biology (9700)
cambridge,as-a-level,9701,chemistry,confirmed_code_in_folder_name,66,Chemistry (9701)
cambridge,as-a-level,9702,physics,confirmed_code_in_folder_name,41,Physics (9702)
cambridge,as-a-level,9706,accounting,confirmed_code_in_folder_name,247,Accounting (9706)
cambridge,as-a-level,9708,economics,confirmed_code_in_folder_name,46,Economics (9708)
cambridge,as-a-level,9709,mathematics,confirmed_code_in_folder_name_slug_normalised,71,(9709) Mechanics Mathematics | (9709) Probability and Statistics | Mathematics (9709) | Pure Mathematics 1 (9709) | Pure Mathematics 2 (9709)
cambridge,as-a-level,9990,psychology,confirmed_code_in_folder_name,111,Psychology (9990)
cambridge,igcse,0450,business-studies,confirmed_code_in_folder_name,21,Business Studies (0450) | IGCSE Business Studies (0450)
cambridge,igcse,0452,accounting,confirmed_code_in_folder_name,17,Accounting (0452)
cambridge,igcse,0455,economics,confirmed_code_in_folder_name,45,Economics (0455) | IGCSE Economics (0455)
cambridge,igcse,0460,geography,confirmed_code_in_folder_name,39,Geography (0460) | Geography (0460) igcse | IGCSE Geography (0460)
cambridge,igcse,0470,history,confirmed_code_in_folder_name,8,History (0470)
cambridge,igcse,0471,travel-and-tourism,confirmed_code_in_folder_name,8,Travel & Tourism (0471)
cambridge,igcse,0478,computer-science,confirmed_code_in_folder_name,36,Computer Science (0478) | IGCSE Computer Science (0478)
cambridge,igcse,0495,sociology,confirmed_code_in_folder_name,4,Sociology (0495)
cambridge,igcse,0500,1st-english,confirmed_code_in_folder_name,21,1st English (0500) IGCSE | English 1st (0500)
cambridge,igcse,0510,english-as-second-language,confirmed_code_in_folder_name,7,IGCSE English as Second Language (speaking endoresment) (0510)
cambridge,igcse,0520,french,confirmed_code_in_folder_name,5,IGCSE French (0520)
cambridge,igcse,0548,afrikaans,confirmed_code_in_folder_name,2,Afrikaans (0548)
cambridge,igcse,0580,math-core,confirmed_code_in_folder_name,93,Math (0580) Core IGCSE | Math (0580) Extended IGCSE | Mathematics Core (0580)
cambridge,igcse,0610,biology,confirmed_code_in_folder_name,36,Biology (0610) | IGCSE Biology (0610)
cambridge,igcse,0620,chemistry,confirmed_code_in_folder_name,36,Chemistry (0620) | Chemistry(0620)  IGCSE
cambridge,igcse,0625,physics,confirmed_code_in_folder_name,34,IGCSE Physics (0625) | Physics (0625)
cambridge,igcse,7159,german,confirmed_code_in_folder_name,2,German (7159)
namibia,nsscas,8167,english-1st,confirmed_code_in_folder_name,9,English 1st (8167) | NSSCAS First Language English (8167)
namibia,nsscas,8201,afrikaans,confirmed_code_in_folder_name,8,Afrikaans (8201)
namibia,nsscas,8202,english-2nd,confirmed_code_in_folder_name,9,English 2nd (8202) | NSSCAS English second language (8202)
namibia,nsscas,8222,agri-science,confirmed_code_in_folder_name,4,8222 NSSCAS Agricultural Science Syllabus 24November2020 final | Agri Science (8222)
namibia,nsscas,8223,biology,confirmed_code_in_folder_name,16,Biology (8223) | NSSCAS Biology (8223)
namibia,nsscas,8224,chemistry,confirmed_code_in_folder_name,13,Chemistry (8224) | Chemistry approved syllabus updated 20 November 2020 | NSSCAS Chemistry (8224)
namibia,nsscas,8225,physics,confirmed_code_in_folder_name,19,NSSCAS Physics (8225) | Physics (8225) | Physics syllabus updated 19 November 2020 SIGNED OFF
namibia,nsscas,8227,mathematics,confirmed_code_in_folder_name,9,8227 NSSCAS Mathematics final updated 20 November 2020 | Mathematics (8227) | NSSCAS Mathematics (8227)
namibia,nsscas,8231,computer-science,confirmed_code_in_folder_name,9,8231 NSSCAS Computer Science syllabus | Computer science (8231)
namibia,nsscas,8233,geography,confirmed_code_in_folder_name,8,Geography (8233)
namibia,nsscas,8234,history,confirmed_code_in_folder_name,8,History (8234)
namibia,nsscas,8244,accounting,confirmed_code_in_folder_name,8,Accounting (8244)
namibia,nsscas,8245,business-studies,confirmed_code_in_folder_name,8,Business Studies (8245) | Business Studies SyllabusJuly2020Final
namibia,nsscas,8246,economis,confirmed_code_in_folder_name,8,8246 NSSCAS Economics syllabus May 2020 Final | Economis (8246)
namibia,nsscas,8247,entreprenuership,confirmed_code_in_folder_name,4,Entreprenuership (8247)
namibia,nssco,6109,english-as-a-second-language,confirmed_code_in_folder_name,1,NSSCO English as a Second Language (6109)
namibia,nssco,6116,biology,confirmed_code_in_folder_name,21,Biology (6116) | NSSCO Biology (6116)
namibia,nssco,6117,chemistry,confirmed_code_in_folder_name,21,Chemistry (6117) | NSSCO Chemistry (6117)
namibia,nssco,6118,physics,confirmed_code_in_folder_name,3,NSSCO Physics (6118)
namibia,nssco,6131,mathematics,confirmed_code_in_folder_name,3,NSSCO Mathematics (6131)
namibia,nssco,6136,development-studies,confirmed_code_in_folder_name,1,NSSCO Development Studies (6136)
namibia,nssco,6137,geography,confirmed_code_in_folder_name,2,NSSCO Geography (6137)
namibia,nssco,6138,history,confirmed_code_in_folder_name,1,NSSCO History (6138)
namibia,nssco,6143,accounting,confirmed_code_in_folder_name,1,NSSCO Accounting (6143)
namibia,nssco,6144,business-studies,confirmed_code_in_folder_name,16,Business Studies (6144) | Business Studies syllabus June 2020 final | NSSCO Business Studies (6144)
namibia,nssco,6145,economics,confirmed_code_in_folder_name,3,NSSCO Economics (6145)
namibia,nssco,6153,6153-fashion-fabrics-syllabus-neacb-march-2020-final,confirmed_code_in_folder_name,0,6153 NSSCO Fashion Fabrics syllabus NEACB March 2020 Final
cambridge,igcse,,german,NEEDS_CODE,17,IGCSE German
cambridge,igcse,,history,NEEDS_CODE,17,IGCSE History
namibia,jsc,,grade-8,NEEDS_CODE,29,Subject Resources Grade 8
namibia,jsc,,grade-9,NEEDS_CODE,7,Subject Resources Grade 9
namibia,jsc-legacy,,accounting,NEEDS_CODE,12,Accounting
namibia,jsc-legacy,,afrikaans-1st-language,NEEDS_CODE,28,Afrikaans 1st Language
namibia,jsc-legacy,,afrikaans-2nd-language,NEEDS_CODE,31,Afrikaans 2nd Language
namibia,jsc-legacy,,agriculture,NEEDS_CODE,6,Agriculture
namibia,jsc-legacy,,computer-studies,NEEDS_CODE,6,Computer Studies
namibia,jsc-legacy,,english-1st-language,NEEDS_CODE,18,English 1st Language
namibia,jsc-legacy,,english-2nd-language,NEEDS_CODE,34,English 2nd Language
namibia,jsc-legacy,,entrepreneurship,NEEDS_CODE,5,Entrepreneurship
namibia,jsc-legacy,,geography,NEEDS_CODE,15,Geography
namibia,jsc-legacy,,history,NEEDS_CODE,6,History
namibia,jsc-legacy,,life-science,NEEDS_CODE,6,Life Science
namibia,jsc-legacy,,mathematics,NEEDS_CODE,12,Mathematics
namibia,jsc-legacy,,physical-science,NEEDS_CODE,5,Physical Science
namibia,jssee,,english-as-a-second-language,NEEDS_CODE,18,English as a Second Language
namibia,jssee,,geography,NEEDS_CODE,6,Geography
namibia,jssee,,history,NEEDS_CODE,4,History
namibia,jssee,,life-science,NEEDS_CODE,4,Life Science
namibia,jssee,,mathematics,NEEDS_CODE,8,Mathematics
namibia,jssee,,physical-science,NEEDS_CODE,4,Physical Science
namibia,nsscas,,accounting,NEEDS_CODE,1,NSSCAS Accounting
namibia,nsscas,,agriculture,NEEDS_CODE,2,NSSCAS Agriculture
namibia,nsscas,,business-studies,NEEDS_CODE,1,NSSCAS Business Studies
namibia,nsscas,,computer-science,NEEDS_CODE,1,NSSCAS Computer Science
namibia,nsscas,,economics,NEEDS_CODE,1,NSSCAS Economics
namibia,nsscas,,geography,NEEDS_CODE,3,NSSCAS Geography
namibia,nsscas,,history,NEEDS_CODE,1,NSSCAS History
namibia,nssco,,accounting,NEEDS_CODE,8,Accounting
namibia,nssco,,afrikaans,NEEDS_CODE,5,Afrikaans
namibia,nssco,,agricultural-science,NEEDS_CODE,5,Agricultural science
namibia,nssco,,computer-science,NEEDS_CODE,5,Computer science
namibia,nssco,,development-studies,NEEDS_CODE,15,Development Studies
namibia,nssco,,economics,NEEDS_CODE,10,Economics
namibia,nssco,,english-1st,NEEDS_CODE,10,English 1st
namibia,nssco,,english-2nd,NEEDS_CODE,23,English 2nd
namibia,nssco,,entreprenuership,NEEDS_CODE,5,Entreprenuership
namibia,nssco,,geography,NEEDS_CODE,15,Geography
namibia,nssco,,history,NEEDS_CODE,10,History
namibia,nssco,,mathematics,NEEDS_CODE,11,Mathematics
namibia,nssco,,agriculture,NEEDS_CODE,3,NSSCO Agriculture
namibia,nssco,,computer-science,NEEDS_CODE,2,NSSCO Computer Science
namibia,nssco,,entrepreneurship,NEEDS_CODE,1,NSSCO Entrepreneurship
namibia,nssco,,home-economics,NEEDS_CODE,1,NSSCO Home Economics
namibia,nssco,,physics,NEEDS_CODE,15,Physics
namibia,nssco-legacy,,afrikaans,NEEDS_CODE,10,Afrikaans
namibia,sp,,grade-4,NEEDS_CODE,9,Grade 4
namibia,sp,,grade-5,NEEDS_CODE,12,Grade 5
namibia,sp,,grade-6,NEEDS_CODE,10,Grade 6
namibia,sp,,grade-7,NEEDS_CODE,10,Grade 7
